chara_id	face_type_code	chara_img_url
1	NORMAL	/wolf-mansion/app/images/geruto.png
2	NORMAL	/wolf-mansion/app/images/varuta.png
3	NORMAL	/wolf-mansion/app/images/moritu.png
4	NORMAL	/wolf-mansion/app/images/jimuzon.png
5	NORMAL	/wolf-mansion/app/images/tomasu.png
6	NORMAL	/wolf-mansion/app/images/nikorasu.png
7	NORMAL	/wolf-mansion/app/images/dhita.png
8	NORMAL	/wolf-mansion/app/images/peta.png
9	NORMAL	/wolf-mansion/app/images/riza.png
10	NORMAL	/wolf-mansion/app/images/arubin.png
11	NORMAL	/wolf-mansion/app/images/katarina.png
12	NORMAL	/wolf-mansion/app/images/otto.png
13	NORMAL	/wolf-mansion/app/images/yoahimu.png
14	NORMAL	/wolf-mansion/app/images/pamera.png
15	NORMAL	/wolf-mansion/app/images/yakobu.png
16	NORMAL	/wolf-mansion/app/images/rejina.png
17	NORMAL	/wolf-mansion/app/images/furideru.png
18	NORMAL	/wolf-mansion/app/images/eruna.png
19	NORMAL	/wolf-mansion/app/images/kurara.png
20	NORMAL	/wolf-mansion/app/images/shimon.png
22	NORMAL	https://wolfort.net/wmansion/2/01_5077_A.png
23	NORMAL	https://wolfort.net/wmansion/2/02_5077_A.png
24	NORMAL	https://wolfort.net/wmansion/2/03_5077_A.png
25	NORMAL	https://wolfort.net/wmansion/2/04_5077_A.png
26	NORMAL	https://wolfort.net/wmansion/2/05_5077_A.png
27	NORMAL	https://wolfort.net/wmansion/2/06_5077_A.png
28	NORMAL	https://wolfort.net/wmansion/2/07_5077_A.png
29	NORMAL	https://wolfort.net/wmansion/2/08_5077_A.png
30	NORMAL	https://wolfort.net/wmansion/2/09_5077_A.png
31	NORMAL	https://wolfort.net/wmansion/2/10_5077_A.png
32	NORMAL	https://wolfort.net/wmansion/2/11_5077_A.png
33	NORMAL	https://wolfort.net/wmansion/2/12_5077_A.png
34	NORMAL	https://wolfort.net/wmansion/2/13_5077_A.png
35	NORMAL	https://wolfort.net/wmansion/2/14_5077_A.png
36	NORMAL	https://wolfort.net/wmansion/2/15_5077_A.png
37	NORMAL	https://wolfort.net/wmansion/2/16_5077_A.png
38	NORMAL	https://wolfort.net/wmansion/2/17_5077_A.png
39	NORMAL	https://wolfort.net/wmansion/2/18_5077_A.png
40	NORMAL	https://wolfort.net/wmansion/2/19_5077_A.png
41	NORMAL	https://wolfort.net/wmansion/2/20_5077_A.png
42	NORMAL	https://wolfort.net/wmansion/2/21_5077_A.png
43	NORMAL	https://wolfort.net/wmansion/2/22_5077_A.png
44	NORMAL	https://wolfort.net/wmansion/2/23_5077_A.png
45	NORMAL	https://wolfort.net/wmansion/2/24_5077_A.png
46	NORMAL	https://wolfort.net/wmansion/2/25_5077_A.png
47	NORMAL	https://wolfort.net/wmansion/2/26_5077_A.png
48	NORMAL	https://wolfort.net/wmansion/2/27_5077_A.png
49	NORMAL	https://wolfort.net/wmansion/2/28_5077_A.png
50	NORMAL	https://wolfort.net/wmansion/2/29_5077_A.png
55	NORMAL	https://wolfort.net/wmansion/2/33_5077_A.png
56	NORMAL	https://wolfort.net/wmansion/2/34_5077_A.png
57	NORMAL	https://wolfort.net/wmansion/2/35_5077_A.png
58	NORMAL	https://wolfort.net/wmansion/2/36_5077_A.png
59	NORMAL	https://wolfort.net/wmansion/2/00_5077_A.png
60	NORMAL	https://wolfort.net/wmansion/3/01.png
61	NORMAL	https://wolfort.net/wmansion/3/02.png
62	NORMAL	https://wolfort.net/wmansion/3/03.png
63	NORMAL	https://wolfort.net/wmansion/3/04.png
64	NORMAL	https://wolfort.net/wmansion/3/05.png
65	NORMAL	https://wolfort.net/wmansion/3/06.png
66	NORMAL	https://wolfort.net/wmansion/3/07.png
67	NORMAL	https://wolfort.net/wmansion/3/08.png
68	NORMAL	https://wolfort.net/wmansion/3/09.png
69	NORMAL	https://wolfort.net/wmansion/3/10.png
70	NORMAL	https://wolfort.net/wmansion/3/11.png
71	NORMAL	https://wolfort.net/wmansion/3/12.png
72	NORMAL	https://wolfort.net/wmansion/3/13.png
73	NORMAL	https://wolfort.net/wmansion/3/14.png
74	NORMAL	https://wolfort.net/wmansion/3/15.png
75	NORMAL	https://wolfort.net/wmansion/3/16.png
76	NORMAL	https://wolfort.net/wmansion/3/17.png
77	NORMAL	https://wolfort.net/wmansion/3/18.png
78	NORMAL	https://wolfort.net/wmansion/3/19.png
79	NORMAL	https://wolfort.net/wmansion/3/20.png
80	NORMAL	https://wolfort.net/wmansion/3/21.png
81	NORMAL	https://wolfort.net/wmansion/3/22.png
82	NORMAL	https://wolfort.net/wmansion/3/23.png
83	NORMAL	https://wolfort.net/wmansion/3/24.png
84	NORMAL	/wolf-mansion/app/images/zodiac/ne.png
85	NORMAL	/wolf-mansion/app/images/zodiac/ushi.png
86	NORMAL	/wolf-mansion/app/images/zodiac/tora.png
87	NORMAL	/wolf-mansion/app/images/zodiac/usagi.png
88	NORMAL	/wolf-mansion/app/images/zodiac/tatsu.png
89	NORMAL	/wolf-mansion/app/images/zodiac/mi.png
90	NORMAL	/wolf-mansion/app/images/zodiac/uma.png
91	NORMAL	/wolf-mansion/app/images/zodiac/hitsuji.png
92	NORMAL	/wolf-mansion/app/images/zodiac/saru.png
93	NORMAL	/wolf-mansion/app/images/zodiac/tori.png
94	NORMAL	/wolf-mansion/app/images/zodiac/inu.png
95	NORMAL	/wolf-mansion/app/images/zodiac/inoshishi.png
96	NORMAL	/wolf-mansion/app/images/zodiac/ne.png
97	NORMAL	/wolf-mansion/app/images/zodiac/ushi.png
98	NORMAL	/wolf-mansion/app/images/zodiac/tora.png
99	NORMAL	/wolf-mansion/app/images/zodiac/usagi.png
100	NORMAL	/wolf-mansion/app/images/zodiac/tatsu.png
101	NORMAL	/wolf-mansion/app/images/zodiac/mi.png
102	NORMAL	/wolf-mansion/app/images/zodiac/uma.png
103	NORMAL	/wolf-mansion/app/images/zodiac/hitsuji.png
104	NORMAL	/wolf-mansion/app/images/zodiac/saru.png
105	NORMAL	/wolf-mansion/app/images/zodiac/tori.png
106	NORMAL	/wolf-mansion/app/images/zodiac/inu.png
107	NORMAL	/wolf-mansion/app/images/zodiac/inoshishi.png
108	NORMAL	/wolf-mansion/app/images/zodiac/ne.png
109	NORMAL	/wolf-mansion/app/images/zodiac/ushi.png
110	NORMAL	/wolf-mansion/app/images/zodiac/tora.png
111	NORMAL	/wolf-mansion/app/images/zodiac/usagi.png
112	NORMAL	/wolf-mansion/app/images/zodiac/tatsu.png
113	NORMAL	/wolf-mansion/app/images/zodiac/mi.png
114	NORMAL	/wolf-mansion/app/images/zodiac/uma.png
115	NORMAL	/wolf-mansion/app/images/zodiac/hitsuji.png
116	NORMAL	/wolf-mansion/app/images/zodiac/saru.png
117	NORMAL	/wolf-mansion/app/images/zodiac/tori.png
118	NORMAL	/wolf-mansion/app/images/zodiac/inu.png
119	NORMAL	/wolf-mansion/app/images/zodiac/inoshishi.png
142	NORMAL	https://wolfort.net/wmansion/4/chara000.png
143	NORMAL	https://wolfort.net/wmansion/4/chara001.png
144	NORMAL	https://wolfort.net/wmansion/4/chara002.png
145	NORMAL	https://wolfort.net/wmansion/4/chara003.png
146	NORMAL	https://wolfort.net/wmansion/4/chara004.png
147	NORMAL	https://wolfort.net/wmansion/4/chara005.png
149	NORMAL	https://wolfort.net/wmansion/4/chara006.png
148	NORMAL	https://wolfort.net/wmansion/4/chara007.png
150	NORMAL	https://wolfort.net/wmansion/4/chara008.png
151	NORMAL	https://wolfort.net/wmansion/4/chara009.png
152	NORMAL	https://wolfort.net/wmansion/4/chara010.png
153	NORMAL	https://wolfort.net/wmansion/4/chara011.png
154	NORMAL	https://wolfort.net/wmansion/4/chara012.png
155	NORMAL	https://wolfort.net/wmansion/4/chara013.png
156	NORMAL	https://wolfort.net/wmansion/4/chara014.png
157	NORMAL	https://wolfort.net/wmansion/4/chara015.png
158	NORMAL	https://wolfort.net/wmansion/4/chara016.png
159	NORMAL	https://wolfort.net/wmansion/4/chara017.png
160	NORMAL	https://wolfort.net/wmansion/4/chara018.png
161	NORMAL	https://wolfort.net/wmansion/4/chara019.png
162	NORMAL	https://wolfort.net/wmansion/4/chara020.png
163	NORMAL	https://wolfort.net/wmansion/4/chara021.png
164	NORMAL	https://wolfort.net/wmansion/4/chara022.png
165	NORMAL	https://wolfort.net/wmansion/4/chara023.png
166	NORMAL	https://wolfort.net/wmansion/4/chara024.png
167	NORMAL	https://wolfort.net/wmansion/4/chara025.png
168	NORMAL	https://wolfort.net/wmansion/4/chara026.png
169	NORMAL	https://wolfort.net/wmansion/4/chara027.png
170	NORMAL	https://wolfort.net/wmansion/4/chara028.png
171	NORMAL	https://wolfort.net/wmansion/4/chara029.png
172	NORMAL	https://wolfort.net/wmansion/4/chara030.png
173	NORMAL	https://wolfort.net/wmansion/4/chara031.png
174	NORMAL	https://wolfort.net/wmansion/4/chara032.png
175	NORMAL	https://wolfort.net/wmansion/4/chara033.png
176	NORMAL	https://wolfort.net/wmansion/4/chara034.png
177	NORMAL	https://wolfort.net/wmansion/4/chara035.png
178	NORMAL	https://wolfort.net/wmansion/4/chara036.png
179	NORMAL	https://wolfort.net/wmansion/4/chara037.png
180	NORMAL	https://wolfort.net/wmansion/4/chara038.png
181	NORMAL	https://wolfort.net/wmansion/4/chara039.png
182	NORMAL	https://wolfort.net/wmansion/4/chara040.png
183	NORMAL	https://wolfort.net/wmansion/4/chara041.png
184	NORMAL	https://wolfort.net/wmansion/4/chara042.png
185	NORMAL	https://wolfort.net/wmansion/4/chara043.png
186	NORMAL	https://wolfort.net/wmansion/4/chara044.png
187	NORMAL	https://wolfort.net/wmansion/4/chara045.png
188	NORMAL	https://wolfort.net/wmansion/4/chara046.png
189	NORMAL	https://wolfort.net/wmansion/4/chara047.png
190	NORMAL	https://wolfort.net/wmansion/4/chara048.png
191	NORMAL	https://wolfort.net/wmansion/4/chara049.png
192	NORMAL	https://wolfort.net/wmansion/4/chara050.png
193	NORMAL	https://wolfort.net/wmansion/4/chara051.png
194	NORMAL	https://wolfort.net/wmansion/4/chara052.png
195	NORMAL	https://wolfort.net/wmansion/4/chara053.png
196	NORMAL	https://wolfort.net/wmansion/4/chara054.png
197	NORMAL	https://wolfort.net/wmansion/4/chara055.png
198	NORMAL	https://wolfort.net/wmansion/4/chara056.png
199	NORMAL	https://wolfort.net/wmansion/4/chara057.png
200	NORMAL	https://wolfort.net/wmansion/4/chara058.png
201	NORMAL	https://wolfort.net/wmansion/4/chara059.png
202	NORMAL	https://wolfort.net/wmansion/4/chara060.png
203	NORMAL	https://wolfort.net/wmansion/4/chara061.png
204	NORMAL	https://wolfort.net/wmansion/4/chara062.png
205	NORMAL	https://wolfort.net/wmansion/4/chara063.png
206	NORMAL	https://wolfort.net/wmansion/4/chara064.png
207	NORMAL	https://wolfort.net/wmansion/4/chara065.png
208	NORMAL	https://wolfort.net/wmansion/4/chara066.png
209	NORMAL	https://wolfort.net/wmansion/4/chara067.png
210	NORMAL	https://wolfort.net/wmansion/4/chara068.png
211	NORMAL	https://wolfort.net/wmansion/4/chara069.png
212	NORMAL	https://wolfort.net/wmansion/4/chara070.png
213	NORMAL	https://wolfort.net/wmansion/4/chara071.png
214	NORMAL	https://wolfort.net/wmansion/4/chara072.png
215	NORMAL	https://wolfort.net/wmansion/4/chara073.png
216	NORMAL	https://wolfort.net/wmansion/4/chara074.png
217	NORMAL	https://wolfort.net/wmansion/4/chara075.png
218	NORMAL	https://wolfort.net/wmansion/4/chara076.png
219	NORMAL	https://wolfort.net/wmansion/4/chara077.png
220	NORMAL	https://wolfort.net/wmansion/4/chara078.png
221	NORMAL	https://wolfort.net/wmansion/4/chara079.png
222	NORMAL	https://wolfort.net/wmansion/4/chara080.png
223	NORMAL	https://wolfort.net/wmansion/4/chara081.png
224	NORMAL	https://wolfort.net/wmansion/4/chara082.png
225	NORMAL	https://wolfort.net/wmansion/4/chara083.png
226	NORMAL	https://wolfort.net/wmansion/4/chara084.png
227	NORMAL	https://wolfort.net/wmansion/4/chara085.png
228	NORMAL	https://wolfort.net/wmansion/4/chara086.png
229	NORMAL	https://wolfort.net/wmansion/4/chara087.png
230	NORMAL	https://wolfort.net/wmansion/4/chara088.png
231	NORMAL	https://wolfort.net/wmansion/4/chara089.png
232	NORMAL	https://wolfort.net/wmansion/4/chara090.png
233	NORMAL	https://wolfort.net/wmansion/4/chara091.png
234	NORMAL	https://wolfort.net/wmansion/4/chara092.png
235	NORMAL	https://wolfort.net/wmansion/4/chara093.png
236	NORMAL	https://wolfort.net/wmansion/4/chara094.png
237	NORMAL	https://wolfort.net/wmansion/4/chara095.png
238	NORMAL	https://wolfort.net/wmansion/4/chara096.png
239	NORMAL	https://wolfort.net/wmansion/4/chara097.png
240	NORMAL	https://wolfort.net/wmansion/4/chara098.png
241	NORMAL	https://wolfort.net/wmansion/4/chara099.png
242	NORMAL	https://wolfort.net/wmansion/4/chara100.png
243	NORMAL	https://wolfort.net/wmansion/4/chara101.png
244	NORMAL	https://wolfort.net/wmansion/4/chara102.png
245	NORMAL	https://wolfort.net/wmansion/4/chara103.png
246	NORMAL	https://wolfort.net/wmansion/4/chara104.png
247	NORMAL	https://wolfort.net/wmansion/4/chara105.png
248	NORMAL	https://wolfort.net/wmansion/4/chara106.png
249	NORMAL	https://wolfort.net/wmansion/4/chara107.png
250	NORMAL	https://wolfort.net/wmansion/4/chara108.png
251	NORMAL	https://wolfort.net/wmansion/4/chara109.png
252	NORMAL	https://wolfort.net/wmansion/4/chara110.png
253	NORMAL	https://wolfort.net/wmansion/4/chara111.png
254	NORMAL	https://wolfort.net/wmansion/4/chara112.png
255	NORMAL	https://wolfort.net/wmansion/4/chara113.png
256	NORMAL	https://wolfort.net/wmansion/4/chara114.png
257	NORMAL	https://wolfort.net/wmansion/4/chara115.png
258	NORMAL	https://wolfort.net/wmansion/4/chara116.png
259	NORMAL	https://wolfort.net/wmansion/4/chara117.png
260	NORMAL	https://wolfort.net/wmansion/4/chara118.png
261	NORMAL	https://wolfort.net/wmansion/4/chara119.png
262	NORMAL	https://wolfort.net/wmansion/4/chara120.png
263	NORMAL	https://wolfort.net/wmansion/4/chara121.png
264	NORMAL	https://wolfort.net/wmansion/4/chara122.png
265	NORMAL	https://wolfort.net/wmansion/4/chara123.png
266	NORMAL	https://wolfort.net/wmansion/4/chara124.png
267	NORMAL	https://wolfort.net/wmansion/4/chara125.png
268	NORMAL	https://wolfort.net/wmansion/4/chara126.png
269	NORMAL	https://wolfort.net/wmansion/4/chara127.png
270	NORMAL	https://wolfort.net/wmansion/4/chara128.png
271	NORMAL	https://wolfort.net/wmansion/4/chara129.png
272	NORMAL	https://wolfort.net/wmansion/4/chara130.png
273	NORMAL	https://wolfort.net/wmansion/4/chara131.png
274	NORMAL	https://wolfort.net/wmansion/4/chara132.png
275	NORMAL	https://wolfort.net/wmansion/4/chara133.png
276	NORMAL	https://wolfort.net/wmansion/4/chara134.png
277	NORMAL	https://wolfort.net/wmansion/4/chara135.png
278	NORMAL	https://wolfort.net/wmansion/4/chara136.png
279	NORMAL	https://wolfort.net/wmansion/4/chara137.png
280	NORMAL	https://wolfort.net/wmansion/4/chara138.png
281	NORMAL	https://wolfort.net/wmansion/4/chara139.png
282	NORMAL	https://wolfort.net/wmansion/4/chara140.png
283	NORMAL	https://wolfort.net/wmansion/4/chara141.png
284	NORMAL	https://wolfort.net/wmansion/4/chara142.png
285	NORMAL	https://wolfort.net/wmansion/4/chara143.png
286	NORMAL	https://wolfort.net/wmansion/4/chara144.png
287	NORMAL	https://wolfort.net/wmansion/4/chara145.png
288	NORMAL	https://wolfort.net/wmansion/4/chara146.png
289	NORMAL	https://wolfort.net/wmansion/4/chara147.png
290	NORMAL	https://wolfort.net/wmansion/4/chara148.png
291	NORMAL	https://wolfort.net/wmansion/4/chara149.png
292	NORMAL	https://wolfort.net/wmansion/4/chara150.png
293	NORMAL	https://wolfort.net/wmansion/4/chara151.png
294	NORMAL	https://wolfort.net/wmansion/4/chara152.png
295	NORMAL	https://wolfort.net/wmansion/4/chara153.png
296	NORMAL	https://wolfort.net/wmansion/4/chara154.png
297	NORMAL	https://wolfort.net/wmansion/4/chara155.png
298	NORMAL	https://wolfort.net/wmansion/4/chara156.png
299	NORMAL	https://wolfort.net/wmansion/4/chara157.png
300	NORMAL	https://wolfort.net/wmansion/4/chara158.png
301	NORMAL	https://wolfort.net/wmansion/4/chara159.png
302	NORMAL	https://wolfort.net/wmansion/4/chara160.png
303	NORMAL	https://wolfort.net/wmansion/4/chara161.png
304	NORMAL	https://wolfort.net/wmansion/4/chara162.png
305	NORMAL	https://wolfort.net/wmansion/4/chara163.png
306	NORMAL	https://wolfort.net/wmansion/4/chara164.png
307	NORMAL	https://wolfort.net/wmansion/4/chara165.png
308	NORMAL	https://wolfort.net/wmansion/4/chara166.png
309	NORMAL	https://wolfort.net/wmansion/4/chara167.png
310	NORMAL	https://wolfort.net/wmansion/4/chara168.png
142	WEREWOLF	https://wolfort.net/wmansion/4/chara000_red.png
143	WEREWOLF	https://wolfort.net/wmansion/4/chara001_red.png
144	WEREWOLF	https://wolfort.net/wmansion/4/chara002_red.png
145	WEREWOLF	https://wolfort.net/wmansion/4/chara003_red.png
146	WEREWOLF	https://wolfort.net/wmansion/4/chara004_red.png
147	WEREWOLF	https://wolfort.net/wmansion/4/chara005_red.png
149	WEREWOLF	https://wolfort.net/wmansion/4/chara006_red.png
148	WEREWOLF	https://wolfort.net/wmansion/4/chara007_red.png
150	WEREWOLF	https://wolfort.net/wmansion/4/chara008_red.png
151	WEREWOLF	https://wolfort.net/wmansion/4/chara009_red.png
152	WEREWOLF	https://wolfort.net/wmansion/4/chara010_red.png
153	WEREWOLF	https://wolfort.net/wmansion/4/chara011_red.png
154	WEREWOLF	https://wolfort.net/wmansion/4/chara012_red.png
155	WEREWOLF	https://wolfort.net/wmansion/4/chara013_red.png
156	WEREWOLF	https://wolfort.net/wmansion/4/chara014_red.png
157	WEREWOLF	https://wolfort.net/wmansion/4/chara015_red.png
158	WEREWOLF	https://wolfort.net/wmansion/4/chara016_red.png
159	WEREWOLF	https://wolfort.net/wmansion/4/chara017_red.png
160	WEREWOLF	https://wolfort.net/wmansion/4/chara018_red.png
161	WEREWOLF	https://wolfort.net/wmansion/4/chara019_red.png
162	WEREWOLF	https://wolfort.net/wmansion/4/chara020_red.png
163	WEREWOLF	https://wolfort.net/wmansion/4/chara021_red.png
164	WEREWOLF	https://wolfort.net/wmansion/4/chara022_red.png
165	WEREWOLF	https://wolfort.net/wmansion/4/chara023_red.png
166	WEREWOLF	https://wolfort.net/wmansion/4/chara024_red.png
167	WEREWOLF	https://wolfort.net/wmansion/4/chara025_red.png
168	WEREWOLF	https://wolfort.net/wmansion/4/chara026_red.png
169	WEREWOLF	https://wolfort.net/wmansion/4/chara027_red.png
170	WEREWOLF	https://wolfort.net/wmansion/4/chara028_red.png
171	WEREWOLF	https://wolfort.net/wmansion/4/chara029_red.png
172	WEREWOLF	https://wolfort.net/wmansion/4/chara030_red.png
173	WEREWOLF	https://wolfort.net/wmansion/4/chara031_red.png
174	WEREWOLF	https://wolfort.net/wmansion/4/chara032_red.png
175	WEREWOLF	https://wolfort.net/wmansion/4/chara033_red.png
176	WEREWOLF	https://wolfort.net/wmansion/4/chara034_red.png
177	WEREWOLF	https://wolfort.net/wmansion/4/chara035_red.png
178	WEREWOLF	https://wolfort.net/wmansion/4/chara036_red.png
179	WEREWOLF	https://wolfort.net/wmansion/4/chara037_red.png
180	WEREWOLF	https://wolfort.net/wmansion/4/chara038_red.png
181	WEREWOLF	https://wolfort.net/wmansion/4/chara039_red.png
182	WEREWOLF	https://wolfort.net/wmansion/4/chara040_red.png
183	WEREWOLF	https://wolfort.net/wmansion/4/chara041_red.png
184	WEREWOLF	https://wolfort.net/wmansion/4/chara042_red.png
185	WEREWOLF	https://wolfort.net/wmansion/4/chara043_red.png
186	WEREWOLF	https://wolfort.net/wmansion/4/chara044_red.png
187	WEREWOLF	https://wolfort.net/wmansion/4/chara045_red.png
188	WEREWOLF	https://wolfort.net/wmansion/4/chara046_red.png
189	WEREWOLF	https://wolfort.net/wmansion/4/chara047_red.png
190	WEREWOLF	https://wolfort.net/wmansion/4/chara048_red.png
191	WEREWOLF	https://wolfort.net/wmansion/4/chara049_red.png
192	WEREWOLF	https://wolfort.net/wmansion/4/chara050_red.png
193	WEREWOLF	https://wolfort.net/wmansion/4/chara051_red.png
194	WEREWOLF	https://wolfort.net/wmansion/4/chara052_red.png
195	WEREWOLF	https://wolfort.net/wmansion/4/chara053_red.png
196	WEREWOLF	https://wolfort.net/wmansion/4/chara054_red.png
197	WEREWOLF	https://wolfort.net/wmansion/4/chara055_red.png
198	WEREWOLF	https://wolfort.net/wmansion/4/chara056_red.png
199	WEREWOLF	https://wolfort.net/wmansion/4/chara057_red.png
200	WEREWOLF	https://wolfort.net/wmansion/4/chara058_red.png
201	WEREWOLF	https://wolfort.net/wmansion/4/chara059_red.png
202	WEREWOLF	https://wolfort.net/wmansion/4/chara060_red.png
203	WEREWOLF	https://wolfort.net/wmansion/4/chara061_red.png
204	WEREWOLF	https://wolfort.net/wmansion/4/chara062_red.png
205	WEREWOLF	https://wolfort.net/wmansion/4/chara063_red.png
206	WEREWOLF	https://wolfort.net/wmansion/4/chara064_red.png
207	WEREWOLF	https://wolfort.net/wmansion/4/chara065_red.png
208	WEREWOLF	https://wolfort.net/wmansion/4/chara066_red.png
209	WEREWOLF	https://wolfort.net/wmansion/4/chara067_red.png
210	WEREWOLF	https://wolfort.net/wmansion/4/chara068_red.png
211	WEREWOLF	https://wolfort.net/wmansion/4/chara069_red.png
212	WEREWOLF	https://wolfort.net/wmansion/4/chara070_red.png
213	WEREWOLF	https://wolfort.net/wmansion/4/chara071_red.png
214	WEREWOLF	https://wolfort.net/wmansion/4/chara072_red.png
215	WEREWOLF	https://wolfort.net/wmansion/4/chara073_red.png
216	WEREWOLF	https://wolfort.net/wmansion/4/chara074_red.png
217	WEREWOLF	https://wolfort.net/wmansion/4/chara075_red.png
218	WEREWOLF	https://wolfort.net/wmansion/4/chara076_red.png
219	WEREWOLF	https://wolfort.net/wmansion/4/chara077_red.png
220	WEREWOLF	https://wolfort.net/wmansion/4/chara078_red.png
221	WEREWOLF	https://wolfort.net/wmansion/4/chara079_red.png
222	WEREWOLF	https://wolfort.net/wmansion/4/chara080_red.png
223	WEREWOLF	https://wolfort.net/wmansion/4/chara081_red.png
224	WEREWOLF	https://wolfort.net/wmansion/4/chara082_red.png
225	WEREWOLF	https://wolfort.net/wmansion/4/chara083_red.png
226	WEREWOLF	https://wolfort.net/wmansion/4/chara084_red.png
227	WEREWOLF	https://wolfort.net/wmansion/4/chara085_red.png
228	WEREWOLF	https://wolfort.net/wmansion/4/chara086_red.png
229	WEREWOLF	https://wolfort.net/wmansion/4/chara087_red.png
230	WEREWOLF	https://wolfort.net/wmansion/4/chara088_red.png
231	WEREWOLF	https://wolfort.net/wmansion/4/chara089_red.png
232	WEREWOLF	https://wolfort.net/wmansion/4/chara090_red.png
233	WEREWOLF	https://wolfort.net/wmansion/4/chara091_red.png
234	WEREWOLF	https://wolfort.net/wmansion/4/chara092_red.png
235	WEREWOLF	https://wolfort.net/wmansion/4/chara093_red.png
236	WEREWOLF	https://wolfort.net/wmansion/4/chara094_red.png
237	WEREWOLF	https://wolfort.net/wmansion/4/chara095_red.png
238	WEREWOLF	https://wolfort.net/wmansion/4/chara096_red.png
239	WEREWOLF	https://wolfort.net/wmansion/4/chara097_red.png
240	WEREWOLF	https://wolfort.net/wmansion/4/chara098_red.png
241	WEREWOLF	https://wolfort.net/wmansion/4/chara099_red.png
242	WEREWOLF	https://wolfort.net/wmansion/4/chara100_red.png
243	WEREWOLF	https://wolfort.net/wmansion/4/chara101_red.png
244	WEREWOLF	https://wolfort.net/wmansion/4/chara102_red.png
245	WEREWOLF	https://wolfort.net/wmansion/4/chara103_red.png
246	WEREWOLF	https://wolfort.net/wmansion/4/chara104_red.png
247	WEREWOLF	https://wolfort.net/wmansion/4/chara105_red.png
248	WEREWOLF	https://wolfort.net/wmansion/4/chara106_red.png
249	WEREWOLF	https://wolfort.net/wmansion/4/chara107_red.png
250	WEREWOLF	https://wolfort.net/wmansion/4/chara108_red.png
251	WEREWOLF	https://wolfort.net/wmansion/4/chara109_red.png
252	WEREWOLF	https://wolfort.net/wmansion/4/chara110_red.png
253	WEREWOLF	https://wolfort.net/wmansion/4/chara111_red.png
254	WEREWOLF	https://wolfort.net/wmansion/4/chara112_red.png
255	WEREWOLF	https://wolfort.net/wmansion/4/chara113_red.png
256	WEREWOLF	https://wolfort.net/wmansion/4/chara114_red.png
257	WEREWOLF	https://wolfort.net/wmansion/4/chara115_red.png
258	WEREWOLF	https://wolfort.net/wmansion/4/chara116_red.png
259	WEREWOLF	https://wolfort.net/wmansion/4/chara117_red.png
260	WEREWOLF	https://wolfort.net/wmansion/4/chara118_red.png
261	WEREWOLF	https://wolfort.net/wmansion/4/chara119_red.png
262	WEREWOLF	https://wolfort.net/wmansion/4/chara120_red.png
263	WEREWOLF	https://wolfort.net/wmansion/4/chara121_red.png
264	WEREWOLF	https://wolfort.net/wmansion/4/chara122_red.png
265	WEREWOLF	https://wolfort.net/wmansion/4/chara123_red.png
266	WEREWOLF	https://wolfort.net/wmansion/4/chara124_red.png
267	WEREWOLF	https://wolfort.net/wmansion/4/chara125_red.png
268	WEREWOLF	https://wolfort.net/wmansion/4/chara126_red.png
269	WEREWOLF	https://wolfort.net/wmansion/4/chara127_red.png
270	WEREWOLF	https://wolfort.net/wmansion/4/chara128_red.png
271	WEREWOLF	https://wolfort.net/wmansion/4/chara129_red.png
272	WEREWOLF	https://wolfort.net/wmansion/4/chara130_red.png
273	WEREWOLF	https://wolfort.net/wmansion/4/chara131_red.png
274	WEREWOLF	https://wolfort.net/wmansion/4/chara132_red.png
275	WEREWOLF	https://wolfort.net/wmansion/4/chara133_red.png
276	WEREWOLF	https://wolfort.net/wmansion/4/chara134_red.png
277	WEREWOLF	https://wolfort.net/wmansion/4/chara135_red.png
278	WEREWOLF	https://wolfort.net/wmansion/4/chara136_red.png
279	WEREWOLF	https://wolfort.net/wmansion/4/chara137_red.png
280	WEREWOLF	https://wolfort.net/wmansion/4/chara138_red.png
281	WEREWOLF	https://wolfort.net/wmansion/4/chara139_red.png
282	WEREWOLF	https://wolfort.net/wmansion/4/chara140_red.png
283	WEREWOLF	https://wolfort.net/wmansion/4/chara141_red.png
284	WEREWOLF	https://wolfort.net/wmansion/4/chara142_red.png
285	WEREWOLF	https://wolfort.net/wmansion/4/chara143_red.png
286	WEREWOLF	https://wolfort.net/wmansion/4/chara144_red.png
287	WEREWOLF	https://wolfort.net/wmansion/4/chara145_red.png
288	WEREWOLF	https://wolfort.net/wmansion/4/chara146_red.png
289	WEREWOLF	https://wolfort.net/wmansion/4/chara147_red.png
290	WEREWOLF	https://wolfort.net/wmansion/4/chara148_red.png
291	WEREWOLF	https://wolfort.net/wmansion/4/chara149_red.png
292	WEREWOLF	https://wolfort.net/wmansion/4/chara150_red.png
293	WEREWOLF	https://wolfort.net/wmansion/4/chara151_red.png
294	WEREWOLF	https://wolfort.net/wmansion/4/chara152_red.png
295	WEREWOLF	https://wolfort.net/wmansion/4/chara153_red.png
296	WEREWOLF	https://wolfort.net/wmansion/4/chara154_red.png
297	WEREWOLF	https://wolfort.net/wmansion/4/chara155_red.png
298	WEREWOLF	https://wolfort.net/wmansion/4/chara156_red.png
299	WEREWOLF	https://wolfort.net/wmansion/4/chara157_red.png
300	WEREWOLF	https://wolfort.net/wmansion/4/chara158_red.png
301	WEREWOLF	https://wolfort.net/wmansion/4/chara159_red.png
302	WEREWOLF	https://wolfort.net/wmansion/4/chara160_red.png
303	WEREWOLF	https://wolfort.net/wmansion/4/chara161_red.png
304	WEREWOLF	https://wolfort.net/wmansion/4/chara162_red.png
305	WEREWOLF	https://wolfort.net/wmansion/4/chara163_red.png
306	WEREWOLF	https://wolfort.net/wmansion/4/chara164_red.png
307	WEREWOLF	https://wolfort.net/wmansion/4/chara165_red.png
308	WEREWOLF	https://wolfort.net/wmansion/4/chara166_red.png
309	WEREWOLF	https://wolfort.net/wmansion/4/chara167_red.png
310	WEREWOLF	https://wolfort.net/wmansion/4/chara168_red.png
142	GRAVE	https://wolfort.net/wmansion/4/chara000_gr.png
143	GRAVE	https://wolfort.net/wmansion/4/chara001_gr.png
144	GRAVE	https://wolfort.net/wmansion/4/chara002_gr.png
145	GRAVE	https://wolfort.net/wmansion/4/chara003_gr.png
146	GRAVE	https://wolfort.net/wmansion/4/chara004_gr.png
147	GRAVE	https://wolfort.net/wmansion/4/chara005_gr.png
149	GRAVE	https://wolfort.net/wmansion/4/chara006_gr.png
148	GRAVE	https://wolfort.net/wmansion/4/chara007_gr.png
150	GRAVE	https://wolfort.net/wmansion/4/chara008_gr.png
151	GRAVE	https://wolfort.net/wmansion/4/chara009_gr.png
152	GRAVE	https://wolfort.net/wmansion/4/chara010_gr.png
153	GRAVE	https://wolfort.net/wmansion/4/chara011_gr.png
154	GRAVE	https://wolfort.net/wmansion/4/chara012_gr.png
155	GRAVE	https://wolfort.net/wmansion/4/chara013_gr.png
156	GRAVE	https://wolfort.net/wmansion/4/chara014_gr.png
157	GRAVE	https://wolfort.net/wmansion/4/chara015_gr.png
158	GRAVE	https://wolfort.net/wmansion/4/chara016_gr.png
159	GRAVE	https://wolfort.net/wmansion/4/chara017_gr.png
160	GRAVE	https://wolfort.net/wmansion/4/chara018_gr.png
161	GRAVE	https://wolfort.net/wmansion/4/chara019_gr.png
162	GRAVE	https://wolfort.net/wmansion/4/chara020_gr.png
163	GRAVE	https://wolfort.net/wmansion/4/chara021_gr.png
164	GRAVE	https://wolfort.net/wmansion/4/chara022_gr.png
165	GRAVE	https://wolfort.net/wmansion/4/chara023_gr.png
166	GRAVE	https://wolfort.net/wmansion/4/chara024_gr.png
167	GRAVE	https://wolfort.net/wmansion/4/chara025_gr.png
168	GRAVE	https://wolfort.net/wmansion/4/chara026_gr.png
169	GRAVE	https://wolfort.net/wmansion/4/chara027_gr.png
170	GRAVE	https://wolfort.net/wmansion/4/chara028_gr.png
171	GRAVE	https://wolfort.net/wmansion/4/chara029_gr.png
172	GRAVE	https://wolfort.net/wmansion/4/chara030_gr.png
173	GRAVE	https://wolfort.net/wmansion/4/chara031_gr.png
174	GRAVE	https://wolfort.net/wmansion/4/chara032_gr.png
175	GRAVE	https://wolfort.net/wmansion/4/chara033_gr.png
176	GRAVE	https://wolfort.net/wmansion/4/chara034_gr.png
177	GRAVE	https://wolfort.net/wmansion/4/chara035_gr.png
178	GRAVE	https://wolfort.net/wmansion/4/chara036_gr.png
179	GRAVE	https://wolfort.net/wmansion/4/chara037_gr.png
180	GRAVE	https://wolfort.net/wmansion/4/chara038_gr.png
181	GRAVE	https://wolfort.net/wmansion/4/chara039_gr.png
182	GRAVE	https://wolfort.net/wmansion/4/chara040_gr.png
183	GRAVE	https://wolfort.net/wmansion/4/chara041_gr.png
184	GRAVE	https://wolfort.net/wmansion/4/chara042_gr.png
185	GRAVE	https://wolfort.net/wmansion/4/chara043_gr.png
186	GRAVE	https://wolfort.net/wmansion/4/chara044_gr.png
187	GRAVE	https://wolfort.net/wmansion/4/chara045_gr.png
188	GRAVE	https://wolfort.net/wmansion/4/chara046_gr.png
189	GRAVE	https://wolfort.net/wmansion/4/chara047_gr.png
190	GRAVE	https://wolfort.net/wmansion/4/chara048_gr.png
191	GRAVE	https://wolfort.net/wmansion/4/chara049_gr.png
192	GRAVE	https://wolfort.net/wmansion/4/chara050_gr.png
193	GRAVE	https://wolfort.net/wmansion/4/chara051_gr.png
194	GRAVE	https://wolfort.net/wmansion/4/chara052_gr.png
195	GRAVE	https://wolfort.net/wmansion/4/chara053_gr.png
196	GRAVE	https://wolfort.net/wmansion/4/chara054_gr.png
197	GRAVE	https://wolfort.net/wmansion/4/chara055_gr.png
198	GRAVE	https://wolfort.net/wmansion/4/chara056_gr.png
199	GRAVE	https://wolfort.net/wmansion/4/chara057_gr.png
200	GRAVE	https://wolfort.net/wmansion/4/chara058_gr.png
201	GRAVE	https://wolfort.net/wmansion/4/chara059_gr.png
202	GRAVE	https://wolfort.net/wmansion/4/chara060_gr.png
203	GRAVE	https://wolfort.net/wmansion/4/chara061_gr.png
204	GRAVE	https://wolfort.net/wmansion/4/chara062_gr.png
205	GRAVE	https://wolfort.net/wmansion/4/chara063_gr.png
206	GRAVE	https://wolfort.net/wmansion/4/chara064_gr.png
207	GRAVE	https://wolfort.net/wmansion/4/chara065_gr.png
208	GRAVE	https://wolfort.net/wmansion/4/chara066_gr.png
209	GRAVE	https://wolfort.net/wmansion/4/chara067_gr.png
210	GRAVE	https://wolfort.net/wmansion/4/chara068_gr.png
211	GRAVE	https://wolfort.net/wmansion/4/chara069_gr.png
212	GRAVE	https://wolfort.net/wmansion/4/chara070_gr.png
213	GRAVE	https://wolfort.net/wmansion/4/chara071_gr.png
214	GRAVE	https://wolfort.net/wmansion/4/chara072_gr.png
215	GRAVE	https://wolfort.net/wmansion/4/chara073_gr.png
216	GRAVE	https://wolfort.net/wmansion/4/chara074_gr.png
217	GRAVE	https://wolfort.net/wmansion/4/chara075_gr.png
218	GRAVE	https://wolfort.net/wmansion/4/chara076_gr.png
219	GRAVE	https://wolfort.net/wmansion/4/chara077_gr.png
220	GRAVE	https://wolfort.net/wmansion/4/chara078_gr.png
221	GRAVE	https://wolfort.net/wmansion/4/chara079_gr.png
222	GRAVE	https://wolfort.net/wmansion/4/chara080_gr.png
223	GRAVE	https://wolfort.net/wmansion/4/chara081_gr.png
224	GRAVE	https://wolfort.net/wmansion/4/chara082_gr.png
225	GRAVE	https://wolfort.net/wmansion/4/chara083_gr.png
226	GRAVE	https://wolfort.net/wmansion/4/chara084_gr.png
227	GRAVE	https://wolfort.net/wmansion/4/chara085_gr.png
228	GRAVE	https://wolfort.net/wmansion/4/chara086_gr.png
229	GRAVE	https://wolfort.net/wmansion/4/chara087_gr.png
230	GRAVE	https://wolfort.net/wmansion/4/chara088_gr.png
231	GRAVE	https://wolfort.net/wmansion/4/chara089_gr.png
232	GRAVE	https://wolfort.net/wmansion/4/chara090_gr.png
233	GRAVE	https://wolfort.net/wmansion/4/chara091_gr.png
234	GRAVE	https://wolfort.net/wmansion/4/chara092_gr.png
235	GRAVE	https://wolfort.net/wmansion/4/chara093_gr.png
236	GRAVE	https://wolfort.net/wmansion/4/chara094_gr.png
237	GRAVE	https://wolfort.net/wmansion/4/chara095_gr.png
238	GRAVE	https://wolfort.net/wmansion/4/chara096_gr.png
239	GRAVE	https://wolfort.net/wmansion/4/chara097_gr.png
240	GRAVE	https://wolfort.net/wmansion/4/chara098_gr.png
241	GRAVE	https://wolfort.net/wmansion/4/chara099_gr.png
242	GRAVE	https://wolfort.net/wmansion/4/chara100_gr.png
243	GRAVE	https://wolfort.net/wmansion/4/chara101_gr.png
244	GRAVE	https://wolfort.net/wmansion/4/chara102_gr.png
245	GRAVE	https://wolfort.net/wmansion/4/chara103_gr.png
246	GRAVE	https://wolfort.net/wmansion/4/chara104_gr.png
247	GRAVE	https://wolfort.net/wmansion/4/chara105_gr.png
248	GRAVE	https://wolfort.net/wmansion/4/chara106_gr.png
249	GRAVE	https://wolfort.net/wmansion/4/chara107_gr.png
250	GRAVE	https://wolfort.net/wmansion/4/chara108_gr.png
251	GRAVE	https://wolfort.net/wmansion/4/chara109_gr.png
252	GRAVE	https://wolfort.net/wmansion/4/chara110_gr.png
253	GRAVE	https://wolfort.net/wmansion/4/chara111_gr.png
254	GRAVE	https://wolfort.net/wmansion/4/chara112_gr.png
255	GRAVE	https://wolfort.net/wmansion/4/chara113_gr.png
256	GRAVE	https://wolfort.net/wmansion/4/chara114_gr.png
257	GRAVE	https://wolfort.net/wmansion/4/chara115_gr.png
258	GRAVE	https://wolfort.net/wmansion/4/chara116_gr.png
259	GRAVE	https://wolfort.net/wmansion/4/chara117_gr.png
260	GRAVE	https://wolfort.net/wmansion/4/chara118_gr.png
261	GRAVE	https://wolfort.net/wmansion/4/chara119_gr.png
262	GRAVE	https://wolfort.net/wmansion/4/chara120_gr.png
263	GRAVE	https://wolfort.net/wmansion/4/chara121_gr.png
264	GRAVE	https://wolfort.net/wmansion/4/chara122_gr.png
265	GRAVE	https://wolfort.net/wmansion/4/chara123_gr.png
266	GRAVE	https://wolfort.net/wmansion/4/chara124_gr.png
267	GRAVE	https://wolfort.net/wmansion/4/chara125_gr.png
268	GRAVE	https://wolfort.net/wmansion/4/chara126_gr.png
269	GRAVE	https://wolfort.net/wmansion/4/chara127_gr.png
270	GRAVE	https://wolfort.net/wmansion/4/chara128_gr.png
271	GRAVE	https://wolfort.net/wmansion/4/chara129_gr.png
272	GRAVE	https://wolfort.net/wmansion/4/chara130_gr.png
273	GRAVE	https://wolfort.net/wmansion/4/chara131_gr.png
274	GRAVE	https://wolfort.net/wmansion/4/chara132_gr.png
275	GRAVE	https://wolfort.net/wmansion/4/chara133_gr.png
276	GRAVE	https://wolfort.net/wmansion/4/chara134_gr.png
277	GRAVE	https://wolfort.net/wmansion/4/chara135_gr.png
278	GRAVE	https://wolfort.net/wmansion/4/chara136_gr.png
279	GRAVE	https://wolfort.net/wmansion/4/chara137_gr.png
280	GRAVE	https://wolfort.net/wmansion/4/chara138_gr.png
281	GRAVE	https://wolfort.net/wmansion/4/chara139_gr.png
282	GRAVE	https://wolfort.net/wmansion/4/chara140_gr.png
283	GRAVE	https://wolfort.net/wmansion/4/chara141_gr.png
284	GRAVE	https://wolfort.net/wmansion/4/chara142_gr.png
285	GRAVE	https://wolfort.net/wmansion/4/chara143_gr.png
286	GRAVE	https://wolfort.net/wmansion/4/chara144_gr.png
287	GRAVE	https://wolfort.net/wmansion/4/chara145_gr.png
288	GRAVE	https://wolfort.net/wmansion/4/chara146_gr.png
289	GRAVE	https://wolfort.net/wmansion/4/chara147_gr.png
290	GRAVE	https://wolfort.net/wmansion/4/chara148_gr.png
291	GRAVE	https://wolfort.net/wmansion/4/chara149_gr.png
292	GRAVE	https://wolfort.net/wmansion/4/chara150_gr.png
293	GRAVE	https://wolfort.net/wmansion/4/chara151_gr.png
294	GRAVE	https://wolfort.net/wmansion/4/chara152_gr.png
295	GRAVE	https://wolfort.net/wmansion/4/chara153_gr.png
296	GRAVE	https://wolfort.net/wmansion/4/chara154_gr.png
297	GRAVE	https://wolfort.net/wmansion/4/chara155_gr.png
298	GRAVE	https://wolfort.net/wmansion/4/chara156_gr.png
299	GRAVE	https://wolfort.net/wmansion/4/chara157_gr.png
300	GRAVE	https://wolfort.net/wmansion/4/chara158_gr.png
301	GRAVE	https://wolfort.net/wmansion/4/chara159_gr.png
302	GRAVE	https://wolfort.net/wmansion/4/chara160_gr.png
303	GRAVE	https://wolfort.net/wmansion/4/chara161_gr.png
304	GRAVE	https://wolfort.net/wmansion/4/chara162_gr.png
305	GRAVE	https://wolfort.net/wmansion/4/chara163_gr.png
306	GRAVE	https://wolfort.net/wmansion/4/chara164_gr.png
307	GRAVE	https://wolfort.net/wmansion/4/chara165_gr.png
308	GRAVE	https://wolfort.net/wmansion/4/chara166_gr.png
309	GRAVE	https://wolfort.net/wmansion/4/chara167_gr.png
310	GRAVE	https://wolfort.net/wmansion/4/chara168_gr.png
142	MONOLOGUE	https://wolfort.net/wmansion/4/chara000_th.png
143	MONOLOGUE	https://wolfort.net/wmansion/4/chara001_th.png
144	MONOLOGUE	https://wolfort.net/wmansion/4/chara002_th.png
145	MONOLOGUE	https://wolfort.net/wmansion/4/chara003_th.png
146	MONOLOGUE	https://wolfort.net/wmansion/4/chara004_th.png
147	MONOLOGUE	https://wolfort.net/wmansion/4/chara005_th.png
149	MONOLOGUE	https://wolfort.net/wmansion/4/chara006_th.png
148	MONOLOGUE	https://wolfort.net/wmansion/4/chara007_th.png
150	MONOLOGUE	https://wolfort.net/wmansion/4/chara008_th.png
151	MONOLOGUE	https://wolfort.net/wmansion/4/chara009_th.png
152	MONOLOGUE	https://wolfort.net/wmansion/4/chara010_th.png
153	MONOLOGUE	https://wolfort.net/wmansion/4/chara011_th.png
154	MONOLOGUE	https://wolfort.net/wmansion/4/chara012_th.png
155	MONOLOGUE	https://wolfort.net/wmansion/4/chara013_th.png
156	MONOLOGUE	https://wolfort.net/wmansion/4/chara014_th.png
157	MONOLOGUE	https://wolfort.net/wmansion/4/chara015_th.png
158	MONOLOGUE	https://wolfort.net/wmansion/4/chara016_th.png
159	MONOLOGUE	https://wolfort.net/wmansion/4/chara017_th.png
160	MONOLOGUE	https://wolfort.net/wmansion/4/chara018_th.png
161	MONOLOGUE	https://wolfort.net/wmansion/4/chara019_th.png
162	MONOLOGUE	https://wolfort.net/wmansion/4/chara020_th.png
163	MONOLOGUE	https://wolfort.net/wmansion/4/chara021_th.png
164	MONOLOGUE	https://wolfort.net/wmansion/4/chara022_th.png
165	MONOLOGUE	https://wolfort.net/wmansion/4/chara023_th.png
166	MONOLOGUE	https://wolfort.net/wmansion/4/chara024_th.png
167	MONOLOGUE	https://wolfort.net/wmansion/4/chara025_th.png
168	MONOLOGUE	https://wolfort.net/wmansion/4/chara026_th.png
169	MONOLOGUE	https://wolfort.net/wmansion/4/chara027_th.png
170	MONOLOGUE	https://wolfort.net/wmansion/4/chara028_th.png
171	MONOLOGUE	https://wolfort.net/wmansion/4/chara029_th.png
172	MONOLOGUE	https://wolfort.net/wmansion/4/chara030_th.png
173	MONOLOGUE	https://wolfort.net/wmansion/4/chara031_th.png
174	MONOLOGUE	https://wolfort.net/wmansion/4/chara032_th.png
175	MONOLOGUE	https://wolfort.net/wmansion/4/chara033_th.png
176	MONOLOGUE	https://wolfort.net/wmansion/4/chara034_th.png
177	MONOLOGUE	https://wolfort.net/wmansion/4/chara035_th.png
178	MONOLOGUE	https://wolfort.net/wmansion/4/chara036_th.png
179	MONOLOGUE	https://wolfort.net/wmansion/4/chara037_th.png
180	MONOLOGUE	https://wolfort.net/wmansion/4/chara038_th.png
181	MONOLOGUE	https://wolfort.net/wmansion/4/chara039_th.png
182	MONOLOGUE	https://wolfort.net/wmansion/4/chara040_th.png
183	MONOLOGUE	https://wolfort.net/wmansion/4/chara041_th.png
184	MONOLOGUE	https://wolfort.net/wmansion/4/chara042_th.png
185	MONOLOGUE	https://wolfort.net/wmansion/4/chara043_th.png
186	MONOLOGUE	https://wolfort.net/wmansion/4/chara044_th.png
187	MONOLOGUE	https://wolfort.net/wmansion/4/chara045_th.png
188	MONOLOGUE	https://wolfort.net/wmansion/4/chara046_th.png
189	MONOLOGUE	https://wolfort.net/wmansion/4/chara047_th.png
190	MONOLOGUE	https://wolfort.net/wmansion/4/chara048_th.png
191	MONOLOGUE	https://wolfort.net/wmansion/4/chara049_th.png
192	MONOLOGUE	https://wolfort.net/wmansion/4/chara050_th.png
193	MONOLOGUE	https://wolfort.net/wmansion/4/chara051_th.png
194	MONOLOGUE	https://wolfort.net/wmansion/4/chara052_th.png
195	MONOLOGUE	https://wolfort.net/wmansion/4/chara053_th.png
196	MONOLOGUE	https://wolfort.net/wmansion/4/chara054_th.png
197	MONOLOGUE	https://wolfort.net/wmansion/4/chara055_th.png
198	MONOLOGUE	https://wolfort.net/wmansion/4/chara056_th.png
199	MONOLOGUE	https://wolfort.net/wmansion/4/chara057_th.png
200	MONOLOGUE	https://wolfort.net/wmansion/4/chara058_th.png
201	MONOLOGUE	https://wolfort.net/wmansion/4/chara059_th.png
202	MONOLOGUE	https://wolfort.net/wmansion/4/chara060_th.png
203	MONOLOGUE	https://wolfort.net/wmansion/4/chara061_th.png
204	MONOLOGUE	https://wolfort.net/wmansion/4/chara062_th.png
205	MONOLOGUE	https://wolfort.net/wmansion/4/chara063_th.png
206	MONOLOGUE	https://wolfort.net/wmansion/4/chara064_th.png
207	MONOLOGUE	https://wolfort.net/wmansion/4/chara065_th.png
208	MONOLOGUE	https://wolfort.net/wmansion/4/chara066_th.png
209	MONOLOGUE	https://wolfort.net/wmansion/4/chara067_th.png
210	MONOLOGUE	https://wolfort.net/wmansion/4/chara068_th.png
211	MONOLOGUE	https://wolfort.net/wmansion/4/chara069_th.png
212	MONOLOGUE	https://wolfort.net/wmansion/4/chara070_th.png
213	MONOLOGUE	https://wolfort.net/wmansion/4/chara071_th.png
214	MONOLOGUE	https://wolfort.net/wmansion/4/chara072_th.png
215	MONOLOGUE	https://wolfort.net/wmansion/4/chara073_th.png
216	MONOLOGUE	https://wolfort.net/wmansion/4/chara074_th.png
217	MONOLOGUE	https://wolfort.net/wmansion/4/chara075_th.png
218	MONOLOGUE	https://wolfort.net/wmansion/4/chara076_th.png
219	MONOLOGUE	https://wolfort.net/wmansion/4/chara077_th.png
220	MONOLOGUE	https://wolfort.net/wmansion/4/chara078_th.png
221	MONOLOGUE	https://wolfort.net/wmansion/4/chara079_th.png
222	MONOLOGUE	https://wolfort.net/wmansion/4/chara080_th.png
223	MONOLOGUE	https://wolfort.net/wmansion/4/chara081_th.png
224	MONOLOGUE	https://wolfort.net/wmansion/4/chara082_th.png
225	MONOLOGUE	https://wolfort.net/wmansion/4/chara083_th.png
226	MONOLOGUE	https://wolfort.net/wmansion/4/chara084_th.png
227	MONOLOGUE	https://wolfort.net/wmansion/4/chara085_th.png
228	MONOLOGUE	https://wolfort.net/wmansion/4/chara086_th.png
229	MONOLOGUE	https://wolfort.net/wmansion/4/chara087_th.png
230	MONOLOGUE	https://wolfort.net/wmansion/4/chara088_th.png
231	MONOLOGUE	https://wolfort.net/wmansion/4/chara089_th.png
232	MONOLOGUE	https://wolfort.net/wmansion/4/chara090_th.png
233	MONOLOGUE	https://wolfort.net/wmansion/4/chara091_th.png
234	MONOLOGUE	https://wolfort.net/wmansion/4/chara092_th.png
235	MONOLOGUE	https://wolfort.net/wmansion/4/chara093_th.png
236	MONOLOGUE	https://wolfort.net/wmansion/4/chara094_th.png
237	MONOLOGUE	https://wolfort.net/wmansion/4/chara095_th.png
238	MONOLOGUE	https://wolfort.net/wmansion/4/chara096_th.png
239	MONOLOGUE	https://wolfort.net/wmansion/4/chara097_th.png
240	MONOLOGUE	https://wolfort.net/wmansion/4/chara098_th.png
241	MONOLOGUE	https://wolfort.net/wmansion/4/chara099_th.png
242	MONOLOGUE	https://wolfort.net/wmansion/4/chara100_th.png
243	MONOLOGUE	https://wolfort.net/wmansion/4/chara101_th.png
244	MONOLOGUE	https://wolfort.net/wmansion/4/chara102_th.png
245	MONOLOGUE	https://wolfort.net/wmansion/4/chara103_th.png
246	MONOLOGUE	https://wolfort.net/wmansion/4/chara104_th.png
247	MONOLOGUE	https://wolfort.net/wmansion/4/chara105_th.png
248	MONOLOGUE	https://wolfort.net/wmansion/4/chara106_th.png
249	MONOLOGUE	https://wolfort.net/wmansion/4/chara107_th.png
250	MONOLOGUE	https://wolfort.net/wmansion/4/chara108_th.png
251	MONOLOGUE	https://wolfort.net/wmansion/4/chara109_th.png
252	MONOLOGUE	https://wolfort.net/wmansion/4/chara110_th.png
253	MONOLOGUE	https://wolfort.net/wmansion/4/chara111_th.png
254	MONOLOGUE	https://wolfort.net/wmansion/4/chara112_th.png
255	MONOLOGUE	https://wolfort.net/wmansion/4/chara113_th.png
256	MONOLOGUE	https://wolfort.net/wmansion/4/chara114_th.png
257	MONOLOGUE	https://wolfort.net/wmansion/4/chara115_th.png
258	MONOLOGUE	https://wolfort.net/wmansion/4/chara116_th.png
259	MONOLOGUE	https://wolfort.net/wmansion/4/chara117_th.png
260	MONOLOGUE	https://wolfort.net/wmansion/4/chara118_th.png
261	MONOLOGUE	https://wolfort.net/wmansion/4/chara119_th.png
262	MONOLOGUE	https://wolfort.net/wmansion/4/chara120_th.png
263	MONOLOGUE	https://wolfort.net/wmansion/4/chara121_th.png
264	MONOLOGUE	https://wolfort.net/wmansion/4/chara122_th.png
265	MONOLOGUE	https://wolfort.net/wmansion/4/chara123_th.png
266	MONOLOGUE	https://wolfort.net/wmansion/4/chara124_th.png
267	MONOLOGUE	https://wolfort.net/wmansion/4/chara125_th.png
268	MONOLOGUE	https://wolfort.net/wmansion/4/chara126_th.png
269	MONOLOGUE	https://wolfort.net/wmansion/4/chara127_th.png
270	MONOLOGUE	https://wolfort.net/wmansion/4/chara128_th.png
271	MONOLOGUE	https://wolfort.net/wmansion/4/chara129_th.png
272	MONOLOGUE	https://wolfort.net/wmansion/4/chara130_th.png
273	MONOLOGUE	https://wolfort.net/wmansion/4/chara131_th.png
274	MONOLOGUE	https://wolfort.net/wmansion/4/chara132_th.png
275	MONOLOGUE	https://wolfort.net/wmansion/4/chara133_th.png
276	MONOLOGUE	https://wolfort.net/wmansion/4/chara134_th.png
277	MONOLOGUE	https://wolfort.net/wmansion/4/chara135_th.png
278	MONOLOGUE	https://wolfort.net/wmansion/4/chara136_th.png
279	MONOLOGUE	https://wolfort.net/wmansion/4/chara137_th.png
280	MONOLOGUE	https://wolfort.net/wmansion/4/chara138_th.png
281	MONOLOGUE	https://wolfort.net/wmansion/4/chara139_th.png
282	MONOLOGUE	https://wolfort.net/wmansion/4/chara140_th.png
283	MONOLOGUE	https://wolfort.net/wmansion/4/chara141_th.png
284	MONOLOGUE	https://wolfort.net/wmansion/4/chara142_th.png
285	MONOLOGUE	https://wolfort.net/wmansion/4/chara143_th.png
286	MONOLOGUE	https://wolfort.net/wmansion/4/chara144_th.png
287	MONOLOGUE	https://wolfort.net/wmansion/4/chara145_th.png
288	MONOLOGUE	https://wolfort.net/wmansion/4/chara146_th.png
289	MONOLOGUE	https://wolfort.net/wmansion/4/chara147_th.png
290	MONOLOGUE	https://wolfort.net/wmansion/4/chara148_th.png
291	MONOLOGUE	https://wolfort.net/wmansion/4/chara149_th.png
292	MONOLOGUE	https://wolfort.net/wmansion/4/chara150_th.png
293	MONOLOGUE	https://wolfort.net/wmansion/4/chara151_th.png
294	MONOLOGUE	https://wolfort.net/wmansion/4/chara152_th.png
295	MONOLOGUE	https://wolfort.net/wmansion/4/chara153_th.png
296	MONOLOGUE	https://wolfort.net/wmansion/4/chara154_th.png
297	MONOLOGUE	https://wolfort.net/wmansion/4/chara155_th.png
298	MONOLOGUE	https://wolfort.net/wmansion/4/chara156_th.png
299	MONOLOGUE	https://wolfort.net/wmansion/4/chara157_th.png
300	MONOLOGUE	https://wolfort.net/wmansion/4/chara158_th.png
301	MONOLOGUE	https://wolfort.net/wmansion/4/chara159_th.png
302	MONOLOGUE	https://wolfort.net/wmansion/4/chara160_th.png
303	MONOLOGUE	https://wolfort.net/wmansion/4/chara161_th.png
304	MONOLOGUE	https://wolfort.net/wmansion/4/chara162_th.png
305	MONOLOGUE	https://wolfort.net/wmansion/4/chara163_th.png
306	MONOLOGUE	https://wolfort.net/wmansion/4/chara164_th.png
307	MONOLOGUE	https://wolfort.net/wmansion/4/chara165_th.png
308	MONOLOGUE	https://wolfort.net/wmansion/4/chara166_th.png
309	MONOLOGUE	https://wolfort.net/wmansion/4/chara167_th.png
310	MONOLOGUE	https://wolfort.net/wmansion/4/chara168_th.png
142	SECRET	https://wolfort.net/wmansion/4/chara000_sec.png
143	SECRET	https://wolfort.net/wmansion/4/chara001_sec.png
144	SECRET	https://wolfort.net/wmansion/4/chara002_sec.png
145	SECRET	https://wolfort.net/wmansion/4/chara003_sec.png
146	SECRET	https://wolfort.net/wmansion/4/chara004_sec.png
147	SECRET	https://wolfort.net/wmansion/4/chara005_sec.png
149	SECRET	https://wolfort.net/wmansion/4/chara006_sec.png
148	SECRET	https://wolfort.net/wmansion/4/chara007_sec.png
150	SECRET	https://wolfort.net/wmansion/4/chara008_sec.png
151	SECRET	https://wolfort.net/wmansion/4/chara009_sec.png
152	SECRET	https://wolfort.net/wmansion/4/chara010_sec.png
153	SECRET	https://wolfort.net/wmansion/4/chara011_sec.png
154	SECRET	https://wolfort.net/wmansion/4/chara012_sec.png
155	SECRET	https://wolfort.net/wmansion/4/chara013_sec.png
156	SECRET	https://wolfort.net/wmansion/4/chara014_sec.png
157	SECRET	https://wolfort.net/wmansion/4/chara015_sec.png
158	SECRET	https://wolfort.net/wmansion/4/chara016_sec.png
159	SECRET	https://wolfort.net/wmansion/4/chara017_sec.png
160	SECRET	https://wolfort.net/wmansion/4/chara018_sec.png
161	SECRET	https://wolfort.net/wmansion/4/chara019_sec.png
162	SECRET	https://wolfort.net/wmansion/4/chara020_sec.png
163	SECRET	https://wolfort.net/wmansion/4/chara021_sec.png
164	SECRET	https://wolfort.net/wmansion/4/chara022_sec.png
165	SECRET	https://wolfort.net/wmansion/4/chara023_sec.png
166	SECRET	https://wolfort.net/wmansion/4/chara024_sec.png
167	SECRET	https://wolfort.net/wmansion/4/chara025_sec.png
168	SECRET	https://wolfort.net/wmansion/4/chara026_sec.png
169	SECRET	https://wolfort.net/wmansion/4/chara027_sec.png
170	SECRET	https://wolfort.net/wmansion/4/chara028_sec.png
171	SECRET	https://wolfort.net/wmansion/4/chara029_sec.png
172	SECRET	https://wolfort.net/wmansion/4/chara030_sec.png
173	SECRET	https://wolfort.net/wmansion/4/chara031_sec.png
174	SECRET	https://wolfort.net/wmansion/4/chara032_sec.png
175	SECRET	https://wolfort.net/wmansion/4/chara033_sec.png
176	SECRET	https://wolfort.net/wmansion/4/chara034_sec.png
177	SECRET	https://wolfort.net/wmansion/4/chara035_sec.png
178	SECRET	https://wolfort.net/wmansion/4/chara036_sec.png
179	SECRET	https://wolfort.net/wmansion/4/chara037_sec.png
180	SECRET	https://wolfort.net/wmansion/4/chara038_sec.png
181	SECRET	https://wolfort.net/wmansion/4/chara039_sec.png
182	SECRET	https://wolfort.net/wmansion/4/chara040_sec.png
183	SECRET	https://wolfort.net/wmansion/4/chara041_sec.png
184	SECRET	https://wolfort.net/wmansion/4/chara042_sec.png
185	SECRET	https://wolfort.net/wmansion/4/chara043_sec.png
186	SECRET	https://wolfort.net/wmansion/4/chara044_sec.png
187	SECRET	https://wolfort.net/wmansion/4/chara045_sec.png
188	SECRET	https://wolfort.net/wmansion/4/chara046_sec.png
189	SECRET	https://wolfort.net/wmansion/4/chara047_sec.png
190	SECRET	https://wolfort.net/wmansion/4/chara048_sec.png
191	SECRET	https://wolfort.net/wmansion/4/chara049_sec.png
192	SECRET	https://wolfort.net/wmansion/4/chara050_sec.png
193	SECRET	https://wolfort.net/wmansion/4/chara051_sec.png
194	SECRET	https://wolfort.net/wmansion/4/chara052_sec.png
195	SECRET	https://wolfort.net/wmansion/4/chara053_sec.png
196	SECRET	https://wolfort.net/wmansion/4/chara054_sec.png
197	SECRET	https://wolfort.net/wmansion/4/chara055_sec.png
198	SECRET	https://wolfort.net/wmansion/4/chara056_sec.png
199	SECRET	https://wolfort.net/wmansion/4/chara057_sec.png
200	SECRET	https://wolfort.net/wmansion/4/chara058_sec.png
201	SECRET	https://wolfort.net/wmansion/4/chara059_sec.png
202	SECRET	https://wolfort.net/wmansion/4/chara060_sec.png
203	SECRET	https://wolfort.net/wmansion/4/chara061_sec.png
204	SECRET	https://wolfort.net/wmansion/4/chara062_sec.png
205	SECRET	https://wolfort.net/wmansion/4/chara063_sec.png
206	SECRET	https://wolfort.net/wmansion/4/chara064_sec.png
207	SECRET	https://wolfort.net/wmansion/4/chara065_sec.png
208	SECRET	https://wolfort.net/wmansion/4/chara066_sec.png
209	SECRET	https://wolfort.net/wmansion/4/chara067_sec.png
210	SECRET	https://wolfort.net/wmansion/4/chara068_sec.png
211	SECRET	https://wolfort.net/wmansion/4/chara069_sec.png
212	SECRET	https://wolfort.net/wmansion/4/chara070_sec.png
213	SECRET	https://wolfort.net/wmansion/4/chara071_sec.png
214	SECRET	https://wolfort.net/wmansion/4/chara072_sec.png
215	SECRET	https://wolfort.net/wmansion/4/chara073_sec.png
216	SECRET	https://wolfort.net/wmansion/4/chara074_sec.png
217	SECRET	https://wolfort.net/wmansion/4/chara075_sec.png
218	SECRET	https://wolfort.net/wmansion/4/chara076_sec.png
219	SECRET	https://wolfort.net/wmansion/4/chara077_sec.png
220	SECRET	https://wolfort.net/wmansion/4/chara078_sec.png
221	SECRET	https://wolfort.net/wmansion/4/chara079_sec.png
222	SECRET	https://wolfort.net/wmansion/4/chara080_sec.png
223	SECRET	https://wolfort.net/wmansion/4/chara081_sec.png
224	SECRET	https://wolfort.net/wmansion/4/chara082_sec.png
225	SECRET	https://wolfort.net/wmansion/4/chara083_sec.png
226	SECRET	https://wolfort.net/wmansion/4/chara084_sec.png
227	SECRET	https://wolfort.net/wmansion/4/chara085_sec.png
228	SECRET	https://wolfort.net/wmansion/4/chara086_sec.png
229	SECRET	https://wolfort.net/wmansion/4/chara087_sec.png
230	SECRET	https://wolfort.net/wmansion/4/chara088_sec.png
231	SECRET	https://wolfort.net/wmansion/4/chara089_sec.png
232	SECRET	https://wolfort.net/wmansion/4/chara090_sec.png
233	SECRET	https://wolfort.net/wmansion/4/chara091_sec.png
234	SECRET	https://wolfort.net/wmansion/4/chara092_sec.png
235	SECRET	https://wolfort.net/wmansion/4/chara093_sec.png
236	SECRET	https://wolfort.net/wmansion/4/chara094_sec.png
237	SECRET	https://wolfort.net/wmansion/4/chara095_sec.png
238	SECRET	https://wolfort.net/wmansion/4/chara096_sec.png
239	SECRET	https://wolfort.net/wmansion/4/chara097_sec.png
240	SECRET	https://wolfort.net/wmansion/4/chara098_sec.png
241	SECRET	https://wolfort.net/wmansion/4/chara099_sec.png
242	SECRET	https://wolfort.net/wmansion/4/chara100_sec.png
243	SECRET	https://wolfort.net/wmansion/4/chara101_sec.png
244	SECRET	https://wolfort.net/wmansion/4/chara102_sec.png
245	SECRET	https://wolfort.net/wmansion/4/chara103_sec.png
246	SECRET	https://wolfort.net/wmansion/4/chara104_sec.png
247	SECRET	https://wolfort.net/wmansion/4/chara105_sec.png
248	SECRET	https://wolfort.net/wmansion/4/chara106_sec.png
249	SECRET	https://wolfort.net/wmansion/4/chara107_sec.png
250	SECRET	https://wolfort.net/wmansion/4/chara108_sec.png
251	SECRET	https://wolfort.net/wmansion/4/chara109_sec.png
252	SECRET	https://wolfort.net/wmansion/4/chara110_sec.png
253	SECRET	https://wolfort.net/wmansion/4/chara111_sec.png
254	SECRET	https://wolfort.net/wmansion/4/chara112_sec.png
255	SECRET	https://wolfort.net/wmansion/4/chara113_sec.png
256	SECRET	https://wolfort.net/wmansion/4/chara114_sec.png
257	SECRET	https://wolfort.net/wmansion/4/chara115_sec.png
258	SECRET	https://wolfort.net/wmansion/4/chara116_sec.png
259	SECRET	https://wolfort.net/wmansion/4/chara117_sec.png
260	SECRET	https://wolfort.net/wmansion/4/chara118_sec.png
261	SECRET	https://wolfort.net/wmansion/4/chara119_sec.png
262	SECRET	https://wolfort.net/wmansion/4/chara120_sec.png
263	SECRET	https://wolfort.net/wmansion/4/chara121_sec.png
264	SECRET	https://wolfort.net/wmansion/4/chara122_sec.png
265	SECRET	https://wolfort.net/wmansion/4/chara123_sec.png
266	SECRET	https://wolfort.net/wmansion/4/chara124_sec.png
267	SECRET	https://wolfort.net/wmansion/4/chara125_sec.png
268	SECRET	https://wolfort.net/wmansion/4/chara126_sec.png
269	SECRET	https://wolfort.net/wmansion/4/chara127_sec.png
270	SECRET	https://wolfort.net/wmansion/4/chara128_sec.png
271	SECRET	https://wolfort.net/wmansion/4/chara129_sec.png
272	SECRET	https://wolfort.net/wmansion/4/chara130_sec.png
273	SECRET	https://wolfort.net/wmansion/4/chara131_sec.png
274	SECRET	https://wolfort.net/wmansion/4/chara132_sec.png
275	SECRET	https://wolfort.net/wmansion/4/chara133_sec.png
276	SECRET	https://wolfort.net/wmansion/4/chara134_sec.png
277	SECRET	https://wolfort.net/wmansion/4/chara135_sec.png
278	SECRET	https://wolfort.net/wmansion/4/chara136_sec.png
279	SECRET	https://wolfort.net/wmansion/4/chara137_sec.png
280	SECRET	https://wolfort.net/wmansion/4/chara138_sec.png
281	SECRET	https://wolfort.net/wmansion/4/chara139_sec.png
282	SECRET	https://wolfort.net/wmansion/4/chara140_sec.png
283	SECRET	https://wolfort.net/wmansion/4/chara141_sec.png
284	SECRET	https://wolfort.net/wmansion/4/chara142_sec.png
285	SECRET	https://wolfort.net/wmansion/4/chara143_sec.png
286	SECRET	https://wolfort.net/wmansion/4/chara144_sec.png
287	SECRET	https://wolfort.net/wmansion/4/chara145_sec.png
288	SECRET	https://wolfort.net/wmansion/4/chara146_sec.png
289	SECRET	https://wolfort.net/wmansion/4/chara147_sec.png
290	SECRET	https://wolfort.net/wmansion/4/chara148_sec.png
291	SECRET	https://wolfort.net/wmansion/4/chara149_sec.png
292	SECRET	https://wolfort.net/wmansion/4/chara150_sec.png
293	SECRET	https://wolfort.net/wmansion/4/chara151_sec.png
294	SECRET	https://wolfort.net/wmansion/4/chara152_sec.png
295	SECRET	https://wolfort.net/wmansion/4/chara153_sec.png
296	SECRET	https://wolfort.net/wmansion/4/chara154_sec.png
297	SECRET	https://wolfort.net/wmansion/4/chara155_sec.png
298	SECRET	https://wolfort.net/wmansion/4/chara156_sec.png
299	SECRET	https://wolfort.net/wmansion/4/chara157_sec.png
300	SECRET	https://wolfort.net/wmansion/4/chara158_sec.png
301	SECRET	https://wolfort.net/wmansion/4/chara159_sec.png
302	SECRET	https://wolfort.net/wmansion/4/chara160_sec.png
303	SECRET	https://wolfort.net/wmansion/4/chara161_sec.png
304	SECRET	https://wolfort.net/wmansion/4/chara162_sec.png
305	SECRET	https://wolfort.net/wmansion/4/chara163_sec.png
306	SECRET	https://wolfort.net/wmansion/4/chara164_sec.png
307	SECRET	https://wolfort.net/wmansion/4/chara165_sec.png
308	SECRET	https://wolfort.net/wmansion/4/chara166_sec.png
309	SECRET	https://wolfort.net/wmansion/4/chara167_sec.png
310	SECRET	https://wolfort.net/wmansion/4/chara168_sec.png
311	NORMAL	https://wolfort.net/wmansion/5/1-a.png
312	NORMAL	https://wolfort.net/wmansion/5/2-a.png
313	NORMAL	https://wolfort.net/wmansion/5/3-a.png
314	NORMAL	https://wolfort.net/wmansion/5/4-a.png
315	NORMAL	https://wolfort.net/wmansion/5/5-a.png
316	NORMAL	https://wolfort.net/wmansion/5/6-a.png
317	NORMAL	https://wolfort.net/wmansion/5/7-a.png
318	NORMAL	https://wolfort.net/wmansion/5/8-a.png
319	NORMAL	https://wolfort.net/wmansion/5/9-a.png
320	NORMAL	https://wolfort.net/wmansion/5/10-a.png
321	NORMAL	https://wolfort.net/wmansion/5/11-a.png
322	NORMAL	https://wolfort.net/wmansion/5/12-a.png
323	NORMAL	https://wolfort.net/wmansion/5/13-a.png
324	NORMAL	https://wolfort.net/wmansion/5/14-a.png
325	NORMAL	https://wolfort.net/wmansion/5/15-a.png
326	NORMAL	https://wolfort.net/wmansion/5/16-a.png
327	NORMAL	https://wolfort.net/wmansion/5/17-a.png
328	NORMAL	https://wolfort.net/wmansion/5/18-a.png
329	NORMAL	https://wolfort.net/wmansion/5/19-a.png
330	NORMAL	https://wolfort.net/wmansion/5/20-a.png
331	NORMAL	https://wolfort.net/wmansion/5/21-a.png
332	NORMAL	https://wolfort.net/wmansion/5/22-a.png
333	NORMAL	https://wolfort.net/wmansion/5/23-a.png
334	NORMAL	https://wolfort.net/wmansion/5/24-a.png
335	NORMAL	https://wolfort.net/wmansion/5/25-a.png
336	NORMAL	https://wolfort.net/wmansion/5/26-a.png
337	NORMAL	https://wolfort.net/wmansion/5/27-a.png
338	NORMAL	https://wolfort.net/wmansion/5/28-a.png
339	NORMAL	https://wolfort.net/wmansion/5/29-a.png
340	NORMAL	https://wolfort.net/wmansion/5/30-a.png
341	NORMAL	https://wolfort.net/wmansion/5/31-a.png
342	NORMAL	https://wolfort.net/wmansion/5/32-a.png
343	NORMAL	https://wolfort.net/wmansion/5/33-a.png
344	NORMAL	https://wolfort.net/wmansion/5/34-a.png
345	NORMAL	https://wolfort.net/wmansion/5/35-a.png
346	NORMAL	https://wolfort.net/wmansion/5/36-a.png
347	NORMAL	https://wolfort.net/wmansion/5/37-a.png
348	NORMAL	https://wolfort.net/wmansion/5/38-a.png
349	NORMAL	https://wolfort.net/wmansion/5/39-a.png
350	NORMAL	https://wolfort.net/wmansion/5/40-a.png
351	NORMAL	https://wolfort.net/wmansion/5/41-a.png
352	NORMAL	https://wolfort.net/wmansion/5/42-a.png
353	NORMAL	https://wolfort.net/wmansion/5/43-a.png
354	NORMAL	https://wolfort.net/wmansion/5/44-a.png
355	NORMAL	https://wolfort.net/wmansion/5/45-a.png
356	NORMAL	https://wolfort.net/wmansion/5/46-a.png
357	NORMAL	https://wolfort.net/wmansion/5/47-a.png
358	NORMAL	https://wolfort.net/wmansion/5/48-a.png
359	NORMAL	https://wolfort.net/wmansion/5/49-a.png
360	NORMAL	https://wolfort.net/wmansion/5/50-a.png
361	NORMAL	https://wolfort.net/wmansion/5/51-a.png
362	NORMAL	https://wolfort.net/wmansion/5/52-a.png
363	NORMAL	https://wolfort.net/wmansion/5/53-a.png
364	NORMAL	https://wolfort.net/wmansion/5/54-a.png
365	NORMAL	https://wolfort.net/wmansion/5/55-a.png
366	NORMAL	https://wolfort.net/wmansion/5/56-a.png
367	NORMAL	https://wolfort.net/wmansion/5/57-a.png
368	NORMAL	https://wolfort.net/wmansion/5/58-a.png
369	NORMAL	https://wolfort.net/wmansion/5/59-a.png
370	NORMAL	https://wolfort.net/wmansion/5/60-a.png
371	NORMAL	https://wolfort.net/wmansion/5/61-a.png
372	NORMAL	https://wolfort.net/wmansion/5/62-a.png
373	NORMAL	https://wolfort.net/wmansion/5/63-a.png
374	NORMAL	https://wolfort.net/wmansion/5/64-a.png
375	NORMAL	https://wolfort.net/wmansion/5/65-a.png
376	NORMAL	https://wolfort.net/wmansion/5/66-a.png
377	NORMAL	https://wolfort.net/wmansion/5/67-a.png
378	NORMAL	https://wolfort.net/wmansion/5/68-a.png
379	NORMAL	https://wolfort.net/wmansion/5/69-a.png
380	NORMAL	https://wolfort.net/wmansion/5/70-a.png
381	NORMAL	https://wolfort.net/wmansion/5/71-a.png
382	NORMAL	https://wolfort.net/wmansion/5/72-a.png
383	NORMAL	https://wolfort.net/wmansion/5/73-a.png
384	NORMAL	https://wolfort.net/wmansion/5/74-a.png
385	NORMAL	https://wolfort.net/wmansion/5/75-a.png
386	NORMAL	https://wolfort.net/wmansion/5/76-a.png
387	NORMAL	https://wolfort.net/wmansion/5/77-a.png
388	NORMAL	https://wolfort.net/wmansion/5/78-a.png
389	NORMAL	https://wolfort.net/wmansion/5/79-a.png
390	NORMAL	https://wolfort.net/wmansion/5/80-a.png
391	NORMAL	https://wolfort.net/wmansion/5/81-a.png
392	NORMAL	https://wolfort.net/wmansion/5/82-a.png
393	NORMAL	https://wolfort.net/wmansion/5/83-a.png
394	NORMAL	https://wolfort.net/wmansion/5/84-a.png
395	NORMAL	https://wolfort.net/wmansion/5/85-a.png
396	NORMAL	https://wolfort.net/wmansion/5/86-a.png
397	NORMAL	https://wolfort.net/wmansion/5/87-a.png
311	WEREWOLF	https://wolfort.net/wmansion/5/1-b.png
312	WEREWOLF	https://wolfort.net/wmansion/5/2-b.png
313	WEREWOLF	https://wolfort.net/wmansion/5/3-b.png
314	WEREWOLF	https://wolfort.net/wmansion/5/4-b.png
315	WEREWOLF	https://wolfort.net/wmansion/5/5-b.png
316	WEREWOLF	https://wolfort.net/wmansion/5/6-b.png
317	WEREWOLF	https://wolfort.net/wmansion/5/7-b.png
318	WEREWOLF	https://wolfort.net/wmansion/5/8-b.png
319	WEREWOLF	https://wolfort.net/wmansion/5/9-b.png
320	WEREWOLF	https://wolfort.net/wmansion/5/10-b.png
321	WEREWOLF	https://wolfort.net/wmansion/5/11-b.png
322	WEREWOLF	https://wolfort.net/wmansion/5/12-b.png
323	WEREWOLF	https://wolfort.net/wmansion/5/13-b.png
324	WEREWOLF	https://wolfort.net/wmansion/5/14-b.png
325	WEREWOLF	https://wolfort.net/wmansion/5/15-b.png
326	WEREWOLF	https://wolfort.net/wmansion/5/16-b.png
327	WEREWOLF	https://wolfort.net/wmansion/5/17-b.png
328	WEREWOLF	https://wolfort.net/wmansion/5/18-b.png
329	WEREWOLF	https://wolfort.net/wmansion/5/19-b.png
330	WEREWOLF	https://wolfort.net/wmansion/5/20-b.png
331	WEREWOLF	https://wolfort.net/wmansion/5/21-b.png
332	WEREWOLF	https://wolfort.net/wmansion/5/22-b.png
333	WEREWOLF	https://wolfort.net/wmansion/5/23-b.png
334	WEREWOLF	https://wolfort.net/wmansion/5/24-b.png
335	WEREWOLF	https://wolfort.net/wmansion/5/25-b.png
336	WEREWOLF	https://wolfort.net/wmansion/5/26-b.png
337	WEREWOLF	https://wolfort.net/wmansion/5/27-b.png
338	WEREWOLF	https://wolfort.net/wmansion/5/28-b.png
339	WEREWOLF	https://wolfort.net/wmansion/5/29-b.png
340	WEREWOLF	https://wolfort.net/wmansion/5/30-b.png
341	WEREWOLF	https://wolfort.net/wmansion/5/31-b.png
342	WEREWOLF	https://wolfort.net/wmansion/5/32-b.png
343	WEREWOLF	https://wolfort.net/wmansion/5/33-b.png
344	WEREWOLF	https://wolfort.net/wmansion/5/34-b.png
345	WEREWOLF	https://wolfort.net/wmansion/5/35-b.png
346	WEREWOLF	https://wolfort.net/wmansion/5/36-b.png
347	WEREWOLF	https://wolfort.net/wmansion/5/37-b.png
348	WEREWOLF	https://wolfort.net/wmansion/5/38-b.png
349	WEREWOLF	https://wolfort.net/wmansion/5/39-b.png
350	WEREWOLF	https://wolfort.net/wmansion/5/40-b.png
351	WEREWOLF	https://wolfort.net/wmansion/5/41-b.png
352	WEREWOLF	https://wolfort.net/wmansion/5/42-b.png
353	WEREWOLF	https://wolfort.net/wmansion/5/43-b.png
354	WEREWOLF	https://wolfort.net/wmansion/5/44-b.png
355	WEREWOLF	https://wolfort.net/wmansion/5/45-b.png
356	WEREWOLF	https://wolfort.net/wmansion/5/46-b.png
357	WEREWOLF	https://wolfort.net/wmansion/5/47-b.png
358	WEREWOLF	https://wolfort.net/wmansion/5/48-b.png
359	WEREWOLF	https://wolfort.net/wmansion/5/49-b.png
360	WEREWOLF	https://wolfort.net/wmansion/5/50-b.png
361	WEREWOLF	https://wolfort.net/wmansion/5/51-b.png
362	WEREWOLF	https://wolfort.net/wmansion/5/52-b.png
363	WEREWOLF	https://wolfort.net/wmansion/5/53-b.png
364	WEREWOLF	https://wolfort.net/wmansion/5/54-b.png
365	WEREWOLF	https://wolfort.net/wmansion/5/55-b.png
366	WEREWOLF	https://wolfort.net/wmansion/5/56-b.png
367	WEREWOLF	https://wolfort.net/wmansion/5/57-b.png
368	WEREWOLF	https://wolfort.net/wmansion/5/58-b.png
369	WEREWOLF	https://wolfort.net/wmansion/5/59-b.png
370	WEREWOLF	https://wolfort.net/wmansion/5/60-b.png
371	WEREWOLF	https://wolfort.net/wmansion/5/61-b.png
372	WEREWOLF	https://wolfort.net/wmansion/5/62-b.png
373	WEREWOLF	https://wolfort.net/wmansion/5/63-b.png
374	WEREWOLF	https://wolfort.net/wmansion/5/64-b.png
375	WEREWOLF	https://wolfort.net/wmansion/5/65-b.png
376	WEREWOLF	https://wolfort.net/wmansion/5/66-b.png
377	WEREWOLF	https://wolfort.net/wmansion/5/67-b.png
378	WEREWOLF	https://wolfort.net/wmansion/5/68-b.png
379	WEREWOLF	https://wolfort.net/wmansion/5/69-b.png
380	WEREWOLF	https://wolfort.net/wmansion/5/70-b.png
381	WEREWOLF	https://wolfort.net/wmansion/5/71-b.png
382	WEREWOLF	https://wolfort.net/wmansion/5/72-b.png
383	WEREWOLF	https://wolfort.net/wmansion/5/73-b.png
384	WEREWOLF	https://wolfort.net/wmansion/5/74-b.png
385	WEREWOLF	https://wolfort.net/wmansion/5/75-b.png
386	WEREWOLF	https://wolfort.net/wmansion/5/76-b.png
387	WEREWOLF	https://wolfort.net/wmansion/5/77-b.png
388	WEREWOLF	https://wolfort.net/wmansion/5/78-b.png
389	WEREWOLF	https://wolfort.net/wmansion/5/79-b.png
390	WEREWOLF	https://wolfort.net/wmansion/5/80-b.png
391	WEREWOLF	https://wolfort.net/wmansion/5/81-b.png
392	WEREWOLF	https://wolfort.net/wmansion/5/82-b.png
393	WEREWOLF	https://wolfort.net/wmansion/5/83-b.png
394	WEREWOLF	https://wolfort.net/wmansion/5/84-b.png
395	WEREWOLF	https://wolfort.net/wmansion/5/85-b.png
396	WEREWOLF	https://wolfort.net/wmansion/5/86-b.png
397	WEREWOLF	https://wolfort.net/wmansion/5/87-b.png
311	GRAVE	https://wolfort.net/wmansion/5/1-c.png
312	GRAVE	https://wolfort.net/wmansion/5/2-c.png
313	GRAVE	https://wolfort.net/wmansion/5/3-c.png
314	GRAVE	https://wolfort.net/wmansion/5/4-c.png
315	GRAVE	https://wolfort.net/wmansion/5/5-c.png
316	GRAVE	https://wolfort.net/wmansion/5/6-c.png
317	GRAVE	https://wolfort.net/wmansion/5/7-c.png
318	GRAVE	https://wolfort.net/wmansion/5/8-c.png
319	GRAVE	https://wolfort.net/wmansion/5/9-c.png
320	GRAVE	https://wolfort.net/wmansion/5/10-c.png
321	GRAVE	https://wolfort.net/wmansion/5/11-c.png
322	GRAVE	https://wolfort.net/wmansion/5/12-c.png
323	GRAVE	https://wolfort.net/wmansion/5/13-c.png
324	GRAVE	https://wolfort.net/wmansion/5/14-c.png
325	GRAVE	https://wolfort.net/wmansion/5/15-c.png
326	GRAVE	https://wolfort.net/wmansion/5/16-c.png
327	GRAVE	https://wolfort.net/wmansion/5/17-c.png
328	GRAVE	https://wolfort.net/wmansion/5/18-c.png
329	GRAVE	https://wolfort.net/wmansion/5/19-c.png
330	GRAVE	https://wolfort.net/wmansion/5/20-c.png
331	GRAVE	https://wolfort.net/wmansion/5/21-c.png
332	GRAVE	https://wolfort.net/wmansion/5/22-c.png
333	GRAVE	https://wolfort.net/wmansion/5/23-c.png
334	GRAVE	https://wolfort.net/wmansion/5/24-c.png
335	GRAVE	https://wolfort.net/wmansion/5/25-c.png
336	GRAVE	https://wolfort.net/wmansion/5/26-c.png
337	GRAVE	https://wolfort.net/wmansion/5/27-c.png
338	GRAVE	https://wolfort.net/wmansion/5/28-c.png
339	GRAVE	https://wolfort.net/wmansion/5/29-c.png
340	GRAVE	https://wolfort.net/wmansion/5/30-c.png
341	GRAVE	https://wolfort.net/wmansion/5/31-c.png
342	GRAVE	https://wolfort.net/wmansion/5/32-c.png
343	GRAVE	https://wolfort.net/wmansion/5/33-c.png
344	GRAVE	https://wolfort.net/wmansion/5/34-c.png
345	GRAVE	https://wolfort.net/wmansion/5/35-c.png
346	GRAVE	https://wolfort.net/wmansion/5/36-c.png
347	GRAVE	https://wolfort.net/wmansion/5/37-c.png
348	GRAVE	https://wolfort.net/wmansion/5/38-c.png
349	GRAVE	https://wolfort.net/wmansion/5/39-c.png
350	GRAVE	https://wolfort.net/wmansion/5/40-c.png
351	GRAVE	https://wolfort.net/wmansion/5/41-c.png
352	GRAVE	https://wolfort.net/wmansion/5/42-c.png
353	GRAVE	https://wolfort.net/wmansion/5/43-c.png
354	GRAVE	https://wolfort.net/wmansion/5/44-c.png
355	GRAVE	https://wolfort.net/wmansion/5/45-c.png
356	GRAVE	https://wolfort.net/wmansion/5/46-c.png
357	GRAVE	https://wolfort.net/wmansion/5/47-c.png
358	GRAVE	https://wolfort.net/wmansion/5/48-c.png
359	GRAVE	https://wolfort.net/wmansion/5/49-c.png
360	GRAVE	https://wolfort.net/wmansion/5/50-c.png
361	GRAVE	https://wolfort.net/wmansion/5/51-c.png
362	GRAVE	https://wolfort.net/wmansion/5/52-c.png
363	GRAVE	https://wolfort.net/wmansion/5/53-c.png
364	GRAVE	https://wolfort.net/wmansion/5/54-c.png
365	GRAVE	https://wolfort.net/wmansion/5/55-c.png
366	GRAVE	https://wolfort.net/wmansion/5/56-c.png
367	GRAVE	https://wolfort.net/wmansion/5/57-c.png
368	GRAVE	https://wolfort.net/wmansion/5/58-c.png
369	GRAVE	https://wolfort.net/wmansion/5/59-c.png
370	GRAVE	https://wolfort.net/wmansion/5/60-c.png
371	GRAVE	https://wolfort.net/wmansion/5/61-c.png
372	GRAVE	https://wolfort.net/wmansion/5/62-c.png
373	GRAVE	https://wolfort.net/wmansion/5/63-c.png
374	GRAVE	https://wolfort.net/wmansion/5/64-c.png
375	GRAVE	https://wolfort.net/wmansion/5/65-c.png
376	GRAVE	https://wolfort.net/wmansion/5/66-c.png
377	GRAVE	https://wolfort.net/wmansion/5/67-c.png
378	GRAVE	https://wolfort.net/wmansion/5/68-c.png
379	GRAVE	https://wolfort.net/wmansion/5/69-c.png
380	GRAVE	https://wolfort.net/wmansion/5/70-c.png
381	GRAVE	https://wolfort.net/wmansion/5/71-c.png
382	GRAVE	https://wolfort.net/wmansion/5/72-c.png
383	GRAVE	https://wolfort.net/wmansion/5/73-c.png
384	GRAVE	https://wolfort.net/wmansion/5/74-c.png
385	GRAVE	https://wolfort.net/wmansion/5/75-c.png
386	GRAVE	https://wolfort.net/wmansion/5/76-c.png
387	GRAVE	https://wolfort.net/wmansion/5/77-c.png
388	GRAVE	https://wolfort.net/wmansion/5/78-c.png
389	GRAVE	https://wolfort.net/wmansion/5/79-c.png
390	GRAVE	https://wolfort.net/wmansion/5/80-c.png
391	GRAVE	https://wolfort.net/wmansion/5/81-c.png
392	GRAVE	https://wolfort.net/wmansion/5/82-c.png
393	GRAVE	https://wolfort.net/wmansion/5/83-c.png
394	GRAVE	https://wolfort.net/wmansion/5/84-c.png
395	GRAVE	https://wolfort.net/wmansion/5/85-c.png
396	GRAVE	https://wolfort.net/wmansion/5/86-c.png
397	GRAVE	https://wolfort.net/wmansion/5/87-c.png