PLAYER_ID	PLAYER_NAME	PLAYER_PASSWORD	AUTHORITY_CODE
1	master	$2a$10$NbJzGbAWAMK2lmEa0xw6Auv.052w/n17NAytqXlFCJajMh.2E9oH6	ROLE_ADMIN
2	ort	$2a$10$NbJzGbAWAMK2lmEa0xw6Auv.052w/n17NAytqXlFCJajMh.2E9oH6	ROLE_PLAYER
3	balloonDog	$2a$10$NbJzGbAWAMK2lmEa0xw6Auv.052w/n17NAytqXlFCJajMh.2E9oH6	ROLE_PLAYER
4	kazato002	$2a$10$NbJzGbAWAMK2lmEa0xw6Auv.052w/n17NAytqXlFCJajMh.2E9oH6	ROLE_PLAYER
5	hitaki1101	$2a$10$NbJzGbAWAMK2lmEa0xw6Auv.052w/n17NAytqXlFCJajMh.2E9oH6	ROLE_PLAYER
6	tevasaki	$2a$10$NbJzGbAWAMK2lmEa0xw6Auv.052w/n17NAytqXlFCJajMh.2E9oH6	ROLE_PLAYER
7	ort2	$2a$10$NbJzGbAWAMK2lmEa0xw6Auv.052w/n17NAytqXlFCJajMh.2E9oH6	ROLE_PLAYER
8	testuser01	$2a$10$NbJzGbAWAMK2lmEa0xw6Auv.052w/n17NAytqXlFCJajMh.2E9oH6	ROLE_PLAYER
9	testuser02	$2a$10$NbJzGbAWAMK2lmEa0xw6Auv.052w/n17NAytqXlFCJajMh.2E9oH6	ROLE_PLAYER
10	testuser03	$2a$10$NbJzGbAWAMK2lmEa0xw6Auv.052w/n17NAytqXlFCJajMh.2E9oH6	ROLE_PLAYER
11	testuser04	$2a$10$NbJzGbAWAMK2lmEa0xw6Auv.052w/n17NAytqXlFCJajMh.2E9oH6	ROLE_PLAYER
12	testuser05	$2a$10$NbJzGbAWAMK2lmEa0xw6Auv.052w/n17NAytqXlFCJajMh.2E9oH6	ROLE_PLAYER
13	testuser06	$2a$10$NbJzGbAWAMK2lmEa0xw6Auv.052w/n17NAytqXlFCJajMh.2E9oH6	ROLE_PLAYER
14	testuser07	$2a$10$NbJzGbAWAMK2lmEa0xw6Auv.052w/n17NAytqXlFCJajMh.2E9oH6	ROLE_PLAYER
15	testuser08	$2a$10$NbJzGbAWAMK2lmEa0xw6Auv.052w/n17NAytqXlFCJajMh.2E9oH6	ROLE_PLAYER
16	testuser09	$2a$10$NbJzGbAWAMK2lmEa0xw6Auv.052w/n17NAytqXlFCJajMh.2E9oH6	ROLE_PLAYER
17	testuser10	$2a$10$NbJzGbAWAMK2lmEa0xw6Auv.052w/n17NAytqXlFCJajMh.2E9oH6	ROLE_PLAYER
18	testuser11	$2a$10$NbJzGbAWAMK2lmEa0xw6Auv.052w/n17NAytqXlFCJajMh.2E9oH6	ROLE_PLAYER
19	testuser12	$2a$10$NbJzGbAWAMK2lmEa0xw6Auv.052w/n17NAytqXlFCJajMh.2E9oH6	ROLE_PLAYER
20	testuser13	$2a$10$NbJzGbAWAMK2lmEa0xw6Auv.052w/n17NAytqXlFCJajMh.2E9oH6	ROLE_PLAYER
21	testuser14	$2a$10$NbJzGbAWAMK2lmEa0xw6Auv.052w/n17NAytqXlFCJajMh.2E9oH6	ROLE_PLAYER
22	testuser15	$2a$10$NbJzGbAWAMK2lmEa0xw6Auv.052w/n17NAytqXlFCJajMh.2E9oH6	ROLE_PLAYER
23	testuser16	$2a$10$NbJzGbAWAMK2lmEa0xw6Auv.052w/n17NAytqXlFCJajMh.2E9oH6	ROLE_PLAYER
24	sayuru	$2a$10$NbJzGbAWAMK2lmEa0xw6Auv.052w/n17NAytqXlFCJajMh.2E9oH6	ROLE_PLAYER
25	HIBIKI	$2a$10$NbJzGbAWAMK2lmEa0xw6Auv.052w/n17NAytqXlFCJajMh.2E9oH6	ROLE_PLAYER
26	kmcnb	$2a$10$NbJzGbAWAMK2lmEa0xw6Auv.052w/n17NAytqXlFCJajMh.2E9oH6	ROLE_PLAYER
27	MoonGazer	$2a$10$NbJzGbAWAMK2lmEa0xw6Auv.052w/n17NAytqXlFCJajMh.2E9oH6	ROLE_PLAYER
28	lg21	$2a$10$NbJzGbAWAMK2lmEa0xw6Auv.052w/n17NAytqXlFCJajMh.2E9oH6	ROLE_PLAYER
29	milkytaste	$2a$10$NbJzGbAWAMK2lmEa0xw6Auv.052w/n17NAytqXlFCJajMh.2E9oH6	ROLE_PLAYER
30	Rio	$2a$10$NbJzGbAWAMK2lmEa0xw6Auv.052w/n17NAytqXlFCJajMh.2E9oH6	ROLE_PLAYER
31	coco	$2a$10$NbJzGbAWAMK2lmEa0xw6Auv.052w/n17NAytqXlFCJajMh.2E9oH6	ROLE_PLAYER
32	hitamyou	$2a$10$NbJzGbAWAMK2lmEa0xw6Auv.052w/n17NAytqXlFCJajMh.2E9oH6	ROLE_PLAYER
33	hitanen	$2a$10$NbJzGbAWAMK2lmEa0xw6Auv.052w/n17NAytqXlFCJajMh.2E9oH6	ROLE_PLAYER
34	hitahitsu	$2a$10$NbJzGbAWAMK2lmEa0xw6Auv.052w/n17NAytqXlFCJajMh.2E9oH6	ROLE_PLAYER
35	hitahei	$2a$10$NbJzGbAWAMK2lmEa0xw6Auv.052w/n17NAytqXlFCJajMh.2E9oH6	ROLE_PLAYER
36	hitamusume	$2a$10$NbJzGbAWAMK2lmEa0xw6Auv.052w/n17NAytqXlFCJajMh.2E9oH6	ROLE_PLAYER
37	hitasyu	$2a$10$NbJzGbAWAMK2lmEa0xw6Auv.052w/n17NAytqXlFCJajMh.2E9oH6	ROLE_PLAYER
38	hitatabi	$2a$10$NbJzGbAWAMK2lmEa0xw6Auv.052w/n17NAytqXlFCJajMh.2E9oH6	ROLE_PLAYER
39	hitaao	$2a$10$NbJzGbAWAMK2lmEa0xw6Auv.052w/n17NAytqXlFCJajMh.2E9oH6	ROLE_PLAYER
40	hitanou	$2a$10$NbJzGbAWAMK2lmEa0xw6Auv.052w/n17NAytqXlFCJajMh.2E9oH6	ROLE_PLAYER
41	hitarou	$2a$10$NbJzGbAWAMK2lmEa0xw6Auv.052w/n17NAytqXlFCJajMh.2E9oH6	ROLE_PLAYER
42	hitasyo	$2a$10$NbJzGbAWAMK2lmEa0xw6Auv.052w/n17NAytqXlFCJajMh.2E9oH6	ROLE_PLAYER
43	hitakikori	$2a$10$NbJzGbAWAMK2lmEa0xw6Auv.052w/n17NAytqXlFCJajMh.2E9oH6	ROLE_PLAYER
44	hitafuku	$2a$10$NbJzGbAWAMK2lmEa0xw6Auv.052w/n17NAytqXlFCJajMh.2E9oH6	ROLE_PLAYER
45	hitasyou	$2a$10$NbJzGbAWAMK2lmEa0xw6Auv.052w/n17NAytqXlFCJajMh.2E9oH6	ROLE_PLAYER
46	hitaya	$2a$10$NbJzGbAWAMK2lmEa0xw6Auv.052w/n17NAytqXlFCJajMh.2E9oH6	ROLE_PLAYER
47	testuser101	$2a$10$NbJzGbAWAMK2lmEa0xw6Auv.052w/n17NAytqXlFCJajMh.2E9oH6	ROLE_PLAYER
48	testuser102	$2a$10$NbJzGbAWAMK2lmEa0xw6Auv.052w/n17NAytqXlFCJajMh.2E9oH6	ROLE_PLAYER
49	testuser103	$2a$10$NbJzGbAWAMK2lmEa0xw6Auv.052w/n17NAytqXlFCJajMh.2E9oH6	ROLE_PLAYER
50	testuser104	$2a$10$NbJzGbAWAMK2lmEa0xw6Auv.052w/n17NAytqXlFCJajMh.2E9oH6	ROLE_PLAYER
51	testuser105	$2a$10$NbJzGbAWAMK2lmEa0xw6Auv.052w/n17NAytqXlFCJajMh.2E9oH6	ROLE_PLAYER
52	berg	$2a$10$NbJzGbAWAMK2lmEa0xw6Auv.052w/n17NAytqXlFCJajMh.2E9oH6	ROLE_PLAYER
53	picco	$2a$10$NbJzGbAWAMK2lmEa0xw6Auv.052w/n17NAytqXlFCJajMh.2E9oH6	ROLE_PLAYER
54	tart	$2a$10$NbJzGbAWAMK2lmEa0xw6Auv.052w/n17NAytqXlFCJajMh.2E9oH6	ROLE_PLAYER
55	Gallade	$2a$10$NbJzGbAWAMK2lmEa0xw6Auv.052w/n17NAytqXlFCJajMh.2E9oH6	ROLE_PLAYER
56	kiri1700	$2a$10$NbJzGbAWAMK2lmEa0xw6Auv.052w/n17NAytqXlFCJajMh.2E9oH6	ROLE_PLAYER
57	seiji	$2a$10$NbJzGbAWAMK2lmEa0xw6Auv.052w/n17NAytqXlFCJajMh.2E9oH6	ROLE_PLAYER
58	kkr	$2a$10$NbJzGbAWAMK2lmEa0xw6Auv.052w/n17NAytqXlFCJajMh.2E9oH6	ROLE_PLAYER
59	341	$2a$10$NbJzGbAWAMK2lmEa0xw6Auv.052w/n17NAytqXlFCJajMh.2E9oH6	ROLE_PLAYER
60	Llblue	$2a$10$NbJzGbAWAMK2lmEa0xw6Auv.052w/n17NAytqXlFCJajMh.2E9oH6	ROLE_PLAYER
61	edamame	$2a$10$NbJzGbAWAMK2lmEa0xw6Auv.052w/n17NAytqXlFCJajMh.2E9oH6	ROLE_PLAYER
62	pochi	$2a$10$NbJzGbAWAMK2lmEa0xw6Auv.052w/n17NAytqXlFCJajMh.2E9oH6	ROLE_PLAYER
63	presto	$2a$10$NbJzGbAWAMK2lmEa0xw6Auv.052w/n17NAytqXlFCJajMh.2E9oH6	ROLE_PLAYER
64	LuneC	$2a$10$NbJzGbAWAMK2lmEa0xw6Auv.052w/n17NAytqXlFCJajMh.2E9oH6	ROLE_PLAYER
65	kazune7	$2a$10$NbJzGbAWAMK2lmEa0xw6Auv.052w/n17NAytqXlFCJajMh.2E9oH6	ROLE_PLAYER
66	goza	$2a$10$NbJzGbAWAMK2lmEa0xw6Auv.052w/n17NAytqXlFCJajMh.2E9oH6	ROLE_PLAYER
67	pure_g	$2a$10$NbJzGbAWAMK2lmEa0xw6Auv.052w/n17NAytqXlFCJajMh.2E9oH6	ROLE_PLAYER
68	umi_s	$2a$10$NbJzGbAWAMK2lmEa0xw6Auv.052w/n17NAytqXlFCJajMh.2E9oH6	ROLE_PLAYER
69	seseri	$2a$10$NbJzGbAWAMK2lmEa0xw6Auv.052w/n17NAytqXlFCJajMh.2E9oH6	ROLE_PLAYER
70	Fututuka	$2a$10$NbJzGbAWAMK2lmEa0xw6Auv.052w/n17NAytqXlFCJajMh.2E9oH6	ROLE_PLAYER
71	stacey_q	$2a$10$NbJzGbAWAMK2lmEa0xw6Auv.052w/n17NAytqXlFCJajMh.2E9oH6	ROLE_PLAYER
72	paco	$2a$10$NbJzGbAWAMK2lmEa0xw6Auv.052w/n17NAytqXlFCJajMh.2E9oH6	ROLE_PLAYER
73	oem	$2a$10$NbJzGbAWAMK2lmEa0xw6Auv.052w/n17NAytqXlFCJajMh.2E9oH6	ROLE_PLAYER
74	moakken	$2a$10$NbJzGbAWAMK2lmEa0xw6Auv.052w/n17NAytqXlFCJajMh.2E9oH6	ROLE_PLAYER
75	owata	$2a$10$NbJzGbAWAMK2lmEa0xw6Auv.052w/n17NAytqXlFCJajMh.2E9oH6	ROLE_PLAYER
76	tara	$2a$10$NbJzGbAWAMK2lmEa0xw6Auv.052w/n17NAytqXlFCJajMh.2E9oH6	ROLE_PLAYER
77	mmegane	$2a$10$NbJzGbAWAMK2lmEa0xw6Auv.052w/n17NAytqXlFCJajMh.2E9oH6	ROLE_PLAYER
78	nigo	$2a$10$NbJzGbAWAMK2lmEa0xw6Auv.052w/n17NAytqXlFCJajMh.2E9oH6	ROLE_PLAYER
79	orip	$2a$10$NbJzGbAWAMK2lmEa0xw6Auv.052w/n17NAytqXlFCJajMh.2E9oH6	ROLE_PLAYER
80	hitaking1101	$2a$10$NbJzGbAWAMK2lmEa0xw6Auv.052w/n17NAytqXlFCJajMh.2E9oH6	ROLE_PLAYER
81	Owl	$2a$10$NbJzGbAWAMK2lmEa0xw6Auv.052w/n17NAytqXlFCJajMh.2E9oH6	ROLE_PLAYER
82	kitchen	$2a$10$NbJzGbAWAMK2lmEa0xw6Auv.052w/n17NAytqXlFCJajMh.2E9oH6	ROLE_PLAYER
83	zipkun	$2a$10$NbJzGbAWAMK2lmEa0xw6Auv.052w/n17NAytqXlFCJajMh.2E9oH6	ROLE_PLAYER
84	summermikann	$2a$10$NbJzGbAWAMK2lmEa0xw6Auv.052w/n17NAytqXlFCJajMh.2E9oH6	ROLE_PLAYER