CHARA_ID	CHARA_NAME	CHARA_SHORT_NAME	CHARA_GROUP_ID	CHARA_IMG_URL	IS_DUMMY	DEFAULT_JOIN_MESSAGE	DISPLAY_WIDTH	DISPLAY_HEIGHT
1	楽天家 ゲルト	楽	1	/wolf-mansion/app/images/geruto.png	1	人狼なんているわけないじゃん。みんな大げさだなあ	50	74
2	村長 ヴァルター	長	1	/wolf-mansion/app/images/varuta.png	0		50	74
3	老人 モーリッツ	老	1	/wolf-mansion/app/images/moritu.png	0		50	74
4	神父 ジムゾン	神	1	/wolf-mansion/app/images/jimuzon.png	0		50	74
5	木こり トーマス	樵	1	/wolf-mansion/app/images/tomasu.png	0		50	74
6	旅人 ニコラス	旅	1	/wolf-mansion/app/images/nikorasu.png	0		50	74
7	ならず者 ディーター	者	1	/wolf-mansion/app/images/dhita.png	0		50	74
8	少年 ペーター	年	1	/wolf-mansion/app/images/peta.png	0		50	74
9	少女 リーザ	妙	1	/wolf-mansion/app/images/riza.png	0		50	74
10	行商人 アルビン	商	1	/wolf-mansion/app/images/arubin.png	0		50	74
11	羊飼い カタリナ	羊	1	/wolf-mansion/app/images/katarina.png	0		50	74
12	パン屋 オットー	屋	1	/wolf-mansion/app/images/otto.png	0		50	74
13	青年 ヨアヒム	青	1	/wolf-mansion/app/images/yoahimu.png	0		50	74
14	村娘 パメラ	娘	1	/wolf-mansion/app/images/pamera.png	0		50	74
15	農夫 ヤコブ	農	1	/wolf-mansion/app/images/yakobu.png	0		50	74
16	宿屋の女主人 レジーナ	宿	1	/wolf-mansion/app/images/rejina.png	0		50	74
17	シスター フリーデル	修	1	/wolf-mansion/app/images/furideru.png	0		50	74
18	仕立て屋 エルナ	服	1	/wolf-mansion/app/images/eruna.png	0		50	74
19	司書 クララ	書	1	/wolf-mansion/app/images/kurara.png	0		50	74
20	負傷兵 シモン	兵	1	/wolf-mansion/app/images/shimon.png	0		50	74
22	天野つぐみ	天	2	https://wolfort.net/wmansion/2/01_5077_A.png	0		50	74
23	市川夢助	市	2	https://wolfort.net/wmansion/2/02_5077_A.png	0		50	74
24	稲沢遥介	稲	2	https://wolfort.net/wmansion/2/03_5077_A.png	0		50	74
25	井上清春	井	2	https://wolfort.net/wmansion/2/04_5077_A.png	0		50	74
26	歌田由佳里	歌	2	https://wolfort.net/wmansion/2/05_5077_A.png	0		50	74
27	大木慎之介	大	2	https://wolfort.net/wmansion/2/06_5077_A.png	0		50	74
28	越智まどか	越	2	https://wolfort.net/wmansion/2/07_5077_A.png	0		50	74
29	鬼束瑠璃	鬼	2	https://wolfort.net/wmansion/2/08_5077_A.png	0		50	74
30	櫛田三四子	櫛	2	https://wolfort.net/wmansion/2/09_5077_A.png	0		50	74
31	後藤拓真	後	2	https://wolfort.net/wmansion/2/10_5077_A.png	0		50	74
32	椎名梨穂	椎	2	https://wolfort.net/wmansion/2/11_5077_A.png	0		50	74
33	清水常雅	清	2	https://wolfort.net/wmansion/2/12_5077_A.png	0		50	74
34	菅原駆	菅	2	https://wolfort.net/wmansion/2/13_5077_A.png	0		50	74
35	高嶺聖子	聖	2	https://wolfort.net/wmansion/2/14_5077_A.png	0		50	74
36	千葉郁也	千	2	https://wolfort.net/wmansion/2/15_5077_A.png	0		50	74
37	椿屋凜子	椿	2	https://wolfort.net/wmansion/2/16_5077_A.png	0		50	74
38	名坂愛子	愛	2	https://wolfort.net/wmansion/2/17_5077_A.png	0		50	74
39	名坂雪	雪	2	https://wolfort.net/wmansion/2/18_5077_A.png	0		50	74
40	デクスター	デ	2	https://wolfort.net/wmansion/2/19_5077_A.png	0		50	74
41	馬場園初音	初	2	https://wolfort.net/wmansion/2/20_5077_A.png	0		50	74
42	竹村茜	竹	2	https://wolfort.net/wmansion/2/21_5077_A.png	0		50	74
43	春原ジン	春	2	https://wolfort.net/wmansion/2/22_5077_A.png	0		50	74
44	ケイティ	ケ	2	https://wolfort.net/wmansion/2/23_5077_A.png	0		50	74
45	古川千夏	古	2	https://wolfort.net/wmansion/2/24_5077_A.png	0		50	74
46	細美悠斗	細	2	https://wolfort.net/wmansion/2/25_5077_A.png	0		50	74
47	堀江豊久	堀	2	https://wolfort.net/wmansion/2/26_5077_A.png	0		50	74
48	山中智秋	山	2	https://wolfort.net/wmansion/2/27_5077_A.png	0		50	74
49	吉田ミチル	吉	2	https://wolfort.net/wmansion/2/28_5077_A.png	0		50	74
50	米津冬馬	米	2	https://wolfort.net/wmansion/2/29_5077_A.png	0		50	74
55	岩崎裕三	岩	2	https://wolfort.net/wmansion/2/33_5077_A.png	0		50	74
56	静子・ギブソン	静	2	https://wolfort.net/wmansion/2/34_5077_A.png	0		50	74
57	南野朱実	南	2	https://wolfort.net/wmansion/2/35_5077_A.png	0		50	74
58	小泉義哉	小	2	https://wolfort.net/wmansion/2/36_5077_A.png	0		50	74
59	田美院翔	田	2	https://wolfort.net/wmansion/2/00_5077_A.png	1	俺の歌を聴きに来てくれてありがとう！最後までよろしくな！	50	74
60	雛市(ヒナイチ)	雛	3	https://wolfort.net/wmansion/3/01.png	1	人狼なんて、いるわけないじゃない。	50	74
61	卯波(ウナミ)	卯	3	https://wolfort.net/wmansion/3/02.png	0		50	74
62	青嵐(アオアラシ)	青	3	https://wolfort.net/wmansion/3/03.png	0		50	74
63	弥生(ヤヨイ)	弥	3	https://wolfort.net/wmansion/3/04.png	0		50	74
64	双六(スゴロク)	双	3	https://wolfort.net/wmansion/3/05.png	0		50	74
65	早乙女(サオトメ)	早	3	https://wolfort.net/wmansion/3/06.png	0		50	74
66	夜長(ヨナガ)	夜	3	https://wolfort.net/wmansion/3/07.png	0		50	74
67	花守(ハナモリ)	花	3	https://wolfort.net/wmansion/3/08.png	0		50	74
68	形代(カタシロ)	形	3	https://wolfort.net/wmansion/3/09.png	0		50	74
69	髪置(カミオキ)	髪	3	https://wolfort.net/wmansion/3/10.png	0		50	74
70	毛見(ケミ)	毛	3	https://wolfort.net/wmansion/3/11.png	0		50	74
71	水玉(ミズタマ)	水	3	https://wolfort.net/wmansion/3/12.png	0		50	74
72	麦踏(ムギフミ)	麦	3	https://wolfort.net/wmansion/3/13.png	0		50	74
73	飴湯(アメユ)	飴	3	https://wolfort.net/wmansion/3/14.png	0		50	74
74	鳥追(トリオイ)	鳥	3	https://wolfort.net/wmansion/3/15.png	0		50	74
75	雉笛(キジブエ)	雉	3	https://wolfort.net/wmansion/3/16.png	0		50	74
76	時雨(シグレ)	時	3	https://wolfort.net/wmansion/3/17.png	0		50	74
77	七姫(ナナヒメ)	姫	3	https://wolfort.net/wmansion/3/18.png	0		50	74
78	涼風(スズカゼ)	涼	3	https://wolfort.net/wmansion/3/19.png	0		50	74
79	白露(ハクロ)	白	3	https://wolfort.net/wmansion/3/20.png	0		50	74
80	氷室(ヒムロ)	氷	3	https://wolfort.net/wmansion/3/21.png	0		50	74
81	添木(ソエギ)	添	3	https://wolfort.net/wmansion/3/22.png	0		50	74
82	鬼走(オニバシリ)	鬼	3	https://wolfort.net/wmansion/3/23.png	0		50	74
83	万歳(バンザイ)	万	3	https://wolfort.net/wmansion/3/24.png	0		50	74
84	(見学用)子	子	1	/wolf-mansion/app/images/zodiac/ne.png	0		50	74
85	(見学用)丑	丑	1	/wolf-mansion/app/images/zodiac/ushi.png	0		50	74
86	(見学用)寅	寅	1	/wolf-mansion/app/images/zodiac/tora.png	0		50	74
87	(見学用)卯	卯	1	/wolf-mansion/app/images/zodiac/usagi.png	0		50	74
88	(見学用)辰	辰	1	/wolf-mansion/app/images/zodiac/tatsu.png	0		50	74
89	(見学用)巳	巳	1	/wolf-mansion/app/images/zodiac/mi.png	0		50	74
90	(見学用)午	午	1	/wolf-mansion/app/images/zodiac/uma.png	0		50	74
91	(見学用)未	未	1	/wolf-mansion/app/images/zodiac/hitsuji.png	0		50	74
92	(見学用)申	申	1	/wolf-mansion/app/images/zodiac/saru.png	0		50	74
93	(見学用)酉	酉	1	/wolf-mansion/app/images/zodiac/tori.png	0		50	74
94	(見学用)戌	戌	1	/wolf-mansion/app/images/zodiac/inu.png	0		50	74
95	(見学用)亥	亥	1	/wolf-mansion/app/images/zodiac/inoshishi.png	0		50	74
96	(見学用)子	子	2	/wolf-mansion/app/images/zodiac/ne.png	0		50	74
97	(見学用)丑	丑	2	/wolf-mansion/app/images/zodiac/ushi.png	0		50	74
98	(見学用)寅	寅	2	/wolf-mansion/app/images/zodiac/tora.png	0		50	74
99	(見学用)卯	卯	2	/wolf-mansion/app/images/zodiac/usagi.png	0		50	74
100	(見学用)辰	辰	2	/wolf-mansion/app/images/zodiac/tatsu.png	0		50	74
101	(見学用)巳	巳	2	/wolf-mansion/app/images/zodiac/mi.png	0		50	74
102	(見学用)午	午	2	/wolf-mansion/app/images/zodiac/uma.png	0		50	74
103	(見学用)未	未	2	/wolf-mansion/app/images/zodiac/hitsuji.png	0		50	74
104	(見学用)申	申	2	/wolf-mansion/app/images/zodiac/saru.png	0		50	74
105	(見学用)酉	酉	2	/wolf-mansion/app/images/zodiac/tori.png	0		50	74
106	(見学用)戌	戌	2	/wolf-mansion/app/images/zodiac/inu.png	0		50	74
107	(見学用)亥	亥	2	/wolf-mansion/app/images/zodiac/inoshishi.png	0		50	74
108	(見学用)子	子	3	/wolf-mansion/app/images/zodiac/ne.png	0		50	74
109	(見学用)丑	丑	3	/wolf-mansion/app/images/zodiac/ushi.png	0		50	74
110	(見学用)寅	寅	3	/wolf-mansion/app/images/zodiac/tora.png	0		50	74
111	(見学用)卯	卯	3	/wolf-mansion/app/images/zodiac/usagi.png	0		50	74
112	(見学用)辰	辰	3	/wolf-mansion/app/images/zodiac/tatsu.png	0		50	74
113	(見学用)巳	巳	3	/wolf-mansion/app/images/zodiac/mi.png	0		50	74
114	(見学用)午	午	3	/wolf-mansion/app/images/zodiac/uma.png	0		50	74
115	(見学用)未	未	3	/wolf-mansion/app/images/zodiac/hitsuji.png	0		50	74
116	(見学用)申	申	3	/wolf-mansion/app/images/zodiac/saru.png	0		50	74
117	(見学用)酉	酉	3	/wolf-mansion/app/images/zodiac/tori.png	0		50	74
118	(見学用)戌	戌	3	/wolf-mansion/app/images/zodiac/inu.png	0		50	74
119	(見学用)亥	亥	3	/wolf-mansion/app/images/zodiac/inoshishi.png	0		50	74
120	ほげ	ほ	1	/wolf-mansion/app/images/03_100x154.png	0		50	74
121	ふが	ふ	1	/wolf-mansion/app/images/03_64x98.png	0		64	98
